UF,Município,Foco,Registro,Protocolo,COBRADE,Status,População,DH_Mortos,DH_Feridos,DH_Enfermos,DH_Desabrigados,DH_Desalojados,DH_Desaparecidos,DH_Outros Afetados,DM_Unidades Habitacionais Danificadas,DM_Unidades Habitacionais Destruídas,DM_Unidades Habitacionais Valor,DM_Instalações públicas de saúde Danificadas,DM_Instalações públicas de saúde Destruídas,DM_Instalações públicas de saúde Valor,DM_Instalações públicas de ensino Danificadas,DM_Instalações públicas de ensino Destruídas,DM_Instalações públicas de ensino Valor,DM_Instalações públicas prestadoras de outros serviços Danificadas,DM_Instalações públicas prestadoras de outros serviços Destruídas,DM_Instalações públicas prestadoras de outros serviços Valor,DM_Instalações públicas de uso comunitário Danificadas,DM_Instalações públicas de uso comunitário Destruídas,DM_Instalações públicas de uso comunitário Valor,DM_Obras de infraestrutura pública Danificadas,DM_Obras de infraestrutura pública Destruídas,DM_Obras de infraestrutura pública Valor,DA_Poluição ou contaminação da água,DA_Poluição ou contaminação do ar,DA_Poluição ou contaminação do solo,DA_Diminuição ou exaurimento hídrico,"DA_Incêndios em parques, APA's ou APP's","PEPL_Assistência médica, saúde pública e atendimento de emergências médicas (R$)",PEPL_Abastecimento de água potável (R$),PEPL_Esgoto de águas pluviais e sistema de esgotos sanitários (R$),PEPL_Sistema de limpeza urbana e de recolhimento e destinação do lixo (R$),PEPL_Sistema de desinfestação/desinfecção do habitat/controle de pragas e vetores (R$),PEPL_Geração e distribuição de energia elétrica (R$),PEPL_Telecomunicações (R$),"PEPL_Transportes locais, regionais e de longo curso (R$)","PEPL_Distribuição de combustíveis, especialmente os de uso doméstico (R$)",PEPL_Segurança pública (R$),PEPL_Ensino (R$),PEPR_Agricultura (R$),PEPR_Pecuária (R$),PEPR_Indústria (R$),PEPR_Comércio (R$),PEPR_Serviços (R$),,Franco da Rocha,Vizinhas
SP,Caieiras,Vizinhas,20/02/2020,SP-F-3509007-13214-20200210,13214 - Tempestade Local/Convectiva - Chuvas Intensas,Não reconhecido,86623,0,0,0,0,29,0,100000,0,0,0.0,0,0,0.0,1,0,200000.0,0,0,0.0,1,0,100000.0,7,0,2.28E7,,,,,,0.0,0.0,0.0,0.0,0.0,0.0,0.0,0.0,0.0,0.0,0.0,0.0,0.0,0.0,0.0,0.0,,Cajamar,Vizinhas
SP,Caieiras,Vizinhas,31/01/2022,SP-F-3509007-13214-20220130,13214 - Tempestade Local/Convectiva - Chuvas Intensas,Reconhecido,86623,0,0,0,20,120,0,10000,4,1,2732.0,0,0,0.0,1,0,471699.24,1,0,1406127.82,1,0,673377.76,4,0,1425365.62,,,,,,0.0,0.0,6400.0,35000.0,932.0,0.0,0.0,0.0,0.0,0.0,0.0,0.0,0.0,120000.0,26000.0,50000.0,,Caieiras,Vizinhas
SP,Caieiras,Vizinhas,09/10/2023,SP-F-3509007-13214-20231008,13214 - Tempestade Local/Convectiva - Chuvas Intensas,Reconhecido,86623,0,0,0,8,260,0,20000,0,0,0.0,1,0,655532.26,3,0,365635.9,1,0,1028853.1,3,0,1172705.55,0,3,2400333.45,,,,,,,,,,,,,,,,,,,,,,,Mairiporã,Vizinhas
SP,Caieiras,Vizinhas,31/12/2024,SP-F-3509007-13214-20241230,13214 - Tempestade Local/Convectiva - Chuvas Intensas,Reconhecido,86623,1,0,0,4,4,0,16400,0,0,0.0,0,0,0.0,0,0,0.0,0,0,0.0,0,0,0.0,11,0,"2,01E+15",,,,,,,,,,,,,,,,,,,,,,,Campo Limpo Paulista,Vizinhas
SP,Cajamar,Vizinhas,26/01/2023,SP-F-3509205-12300-20230126,12300 - Alagamentos,Registro,64113,0,0,0,0,320,0,0,320,0,0.0,0,0,0.0,0,0,0.0,0,0,0.0,0,0,0.0,0,0,0.0,,,,,,,,,,,,,,,,,,,,,,,Jundiaí,Vizinhas
SP,Campo Limpo Paulista,Vizinhas,01/02/2022,SP-F-3509601-13214-20220130,13214 - Tempestade Local/Convectiva - Chuvas Intensas,Reconhecido,74114,0,0,0,74,7,0,0,0,5,500000.0,0,0,0.0,0,0,0.0,0,0,0.0,0,0,0.0,0,0,5000000.0,,,,,,11320.0,0.0,5250000.0,51003.7,7500.0,0.0,0.0,0.0,0.0,0.0,1000.0,0.0,0.0,0.0,0.0,0.0,,Francisco Morato,Foco
SP,Franco da Rocha,Vizinhas,30/01/2022,SP-F-3516408-13214-20220130,13214 - Tempestade Local/Convectiva - Chuvas Intensas,Reconhecido,131603,18,0,2,77,202,0,10464,0,0,0.0,8,0,2000000.0,25,0,1906500.0,0,0,0.0,0,0,0.0,37,0,"1,15E+15",DE 0% A 5%,,,,,2000000.0,0.0,0.0,"1,15E+15",0.0,0.0,0.0,0.0,0.0,3200.0,1906500.0,0.0,0.0,0.0,0.0,0.0,,,
SP,Franco da Rocha,Vizinhas,10/10/2023,SP-F-3516408-13214-20231008,13214 - Tempestade Local/Convectiva - Chuvas Intensas,Reconhecido,131603,0,0,0,34,10,0,17082,0,0,0.0,12,0,485000.0,18,0,2910000.0,0,0,0.0,0,0,0.0,2,0,1154697.9,,,,,,,,,,,,,,,,,,,,,,,,
SP,Franco da Rocha,Vizinhas,04/02/2025,SP-F-3516408-13214-20250201,13214 - Tempestade Local/Convectiva - Chuvas Intensas,Reconhecido,131603,0,0,0,36,229,0,3000,0,28,0.0,3,0,0.0,3,0,0.0,6,0,0.0,1,0,0.0,0,0,0.0,,,,,,,,,,,,,,,,,,,,,,,,
SP,Mairiporã,Vizinhas,29/12/2022,SP-F-3528502-13214-20221226,13214 - Tempestade Local/Convectiva - Chuvas Intensas,Registro,80920,0,0,0,227,4600,0,7300,386,0,1.0E7,0,0,0.0,0,0,0.0,0,0,0.0,0,0,0.0,13,0,"1,10E+18",MAIS DE 20%,,MAIS DE 20%,MAIS DE 20%,,0.0,200000.0,310000.0,240000.0,0.0,0.0,0.0,0.0,0.0,0.0,0.0,0.0,0.0,0.0,0.0,0.0,,,
SP,Mairiporã,Vizinhas,27/12/2022,SP-F-3528502-13214-20221201,13214 - Tempestade Local/Convectiva - Chuvas Intensas,Reconhecido,80920,0,0,0,227,4600,0,7300,386,0,1.0E7,0,0,0.0,0,0,0.0,0,0,0.0,0,0,0.0,13,0,"1,10E+18",MAIS DE 20%,,MAIS DE 20%,MAIS DE 20%,,0.0,200000.0,310000.0,240000.0,0.0,0.0,0.0,0.0,0.0,0.0,0.0,0.0,0.0,0.0,0.0,0.0,,,
SP,Agudos,Tirar da analise,31/01/2022,SP-F-3500709-13214-20220131,13214 - Tempestade Local/Convectiva - Chuvas Intensas,Reconhecido,34532,0,0,0,0,0,0,1000,0,0,0.0,0,0,0.0,0,0,0.0,0,0,0.0,0,0,0.0,8,0,1500000.0,,,,,,0.0,0.0,0.0,200000.0,0.0,0.0,0.0,1300000.0,0.0,0.0,0.0,0.0,0.0,0.0,0.0,0.0,,,
SP,Agudos,Tirar da analise,07/02/2023,SP-F-3500709-12200-20230206,12200 - Enxurradas,Registro,34532,0,0,0,10,0,0,0,0,0,0.0,0,0,0.0,0,0,0.0,0,0,0.0,0,0,0.0,4,0,600000.0,,,,,,,,,,,,,,,,,,,,,,,,
SP,Agudos,Tirar da analise,08/02/2023,SP-F-3500709-13214-20230206,13214 - Tempestade Local/Convectiva - Chuvas Intensas,Registro,34532,0,0,0,10,0,0,0,0,0,0.0,0,0,0.0,0,0,0.0,0,0,0.0,0,0,0.0,4,0,600000.0,,,,,,,,,,,,,,,,,,,,,,,,
SP,Andradina,Tirar da analise,14/02/2020,SP-F-3502101-13214-20200204,13214 - Tempestade Local/Convectiva - Chuvas Intensas,Não reconhecido,55317,0,0,0,4,15,0,12000,6,1,250000.0,0,0,0.0,0,0,0.0,0,0,0.0,0,0,0.0,3,2,750000.0,,,,,,0.0,0.0,0.0,0.0,0.0,0.0,0.0,0.0,0.0,0.0,0.0,0.0,0.0,0.0,0.0,0.0,,,
SP,Aparecida,Tirar da analise,22/02/2022,SP-F-3502507-13214-20220215,13214 - Tempestade Local/Convectiva - Chuvas Intensas,Reconhecido,35043,0,0,0,0,0,0,800,0,0,0.0,0,0,0.0,0,0,0.0,0,0,0.0,0,0,0.0,4,4,184000.0,,,,,,0.0,0.0,0.0,0.0,0.0,0.0,0.0,23000.0,0.0,0.0,0.0,0.0,0.0,0.0,0.0,0.0,,,
SP,Araçariguama,Tirar da analise,30/06/2020,SP-F-3502754-13214-20200211,13214 - Tempestade Local/Convectiva - Chuvas Intensas,Registro,17085,1,1,0,29,284,0,9013,160,6,56000.0,0,0,0.0,2,0,24303.95,0,0,0.0,0,1,220000.0,10,5,8625000.0,DE 5% A 10%,DE 5% A 10%,DE 5% A 10%,DE 5% A 10%,,305110.0,0.0,1000000.0,1342360.0,0.0,0.0,0.0,8845000.0,20119.44,5590.11,24303.95,0.0,0.0,0.0,0.0,0.0,,,
SP,Araçariguama,Tirar da analise,21/02/2020,SP-F-3502754-13214-20200210,13214 - Tempestade Local/Convectiva - Chuvas Intensas,Reconhecido,17085,1,1,0,29,284,0,9013,160,6,56000.0,0,0,0.0,2,0,24303.95,0,0,0.0,0,1,220000.0,10,5,8625000.0,DE 5% A 10%,DE 5% A 10%,DE 5% A 10%,DE 5% A 10%,,305110.0,0.0,1000000.0,1342360.0,0.0,0.0,0.0,8845000.0,20119.44,5590.11,24303.95,0.0,0.0,0.0,0.0,0.0,,,
SP,Araraquara,Tirar da analise,29/12/2022,SP-F-3503208-13214-20221228,13214 - Tempestade Local/Convectiva - Chuvas Intensas,Reconhecido,208725,6,0,0,0,1,0,0,0,0,0.0,0,0,0.0,0,0,0.0,0,0,0.0,0,0,0.0,9,2,"1,05E+12",,,,,,0.0,0.0,0.0,0.0,0.0,0.0,0.0,0.0,0.0,0.0,0.0,0.0,0.0,0.0,0.0,0.0,,,
SP,Artur Nogueira,Tirar da analise,09/01/2023,SP-F-3503802-12300-20221230,12300 - Alagamentos,Registro,44270,0,0,0,0,20,0,0,0,0,0.0,0,0,0.0,0,0,0.0,0,0,0.0,0,0,0.0,0,0,0.0,,,,,,0.0,0.0,0.0,0.0,0.0,0.0,0.0,0.0,0.0,0.0,0.0,0.0,0.0,0.0,0.0,0.0,,,
SP,Atibaia,Tirar da analise,27/02/2020,SP-F-3504107-13214-20200225,13214 - Tempestade Local/Convectiva - Chuvas Intensas,Registro,126614,0,0,0,35,13,0,3000,35,1,50000.0,0,0,0.0,0,0,0.0,0,0,0.0,0,0,0.0,0,20,450000.0,,,,,,0.0,0.0,0.0,150000.0,0.0,0.0,0.0,250000.0,0.0,0.0,0.0,0.0,0.0,0.0,15000.0,0.0,,,
SP,Avaré,Tirar da analise,03/02/2022,SP-F-3504503-13214-20220201,13214 - Tempestade Local/Convectiva - Chuvas Intensas,Reconhecido,82935,0,1,0,2,16,0,262,3,0,75000.0,0,0,0.0,0,0,0.0,0,0,0.0,0,0,0.0,3,0,459576.09,,,,,,0.0,0.0,0.0,8312.0,0.0,0.0,0.0,0.0,0.0,0.0,0.0,0.0,0.0,0.0,0.0,0.0,,,
SP,Barretos,Tirar da analise,07/01/2022,SP-F-3505500-13214-20220106,13214 - Tempestade Local/Convectiva - Chuvas Intensas,Reconhecido,112102,1,1,0,10,11,0,59596,30,2,892900.0,3,0,57600.0,5,0,124434.9,0,0,0.0,0,0,0.0,26,0,4.37E7,,,,,,0.0,231414.8,262075.27,51000.0,0.0,0.0,0.0,0.0,0.0,0.0,109057.83,0.0,0.0,0.0,0.0,0.0,,,
SP,Bebedouro,Tirar da analise,31/01/2020,SP-F-3506102-13214-20200122,13214 - Tempestade Local/Convectiva - Chuvas Intensas,Reconhecido,75044,0,0,0,0,0,0,2000,0,0,0.0,0,0,0.0,0,0,0.0,0,0,0.0,0,0,0.0,0,1,609066.99,,,,,,0.0,0.0,0.0,0.0,0.0,0.0,0.0,0.0,0.0,0.0,0.0,0.0,0.0,0.0,0.0,0.0,,,
SP,Bertioga,Tirar da analise,19/02/2023,SP-F-3506359-13214-20230218,13214 - Tempestade Local/Convectiva - Chuvas Intensas,Reconhecido,47572,0,0,0,0,0,0,47572,0,0,0.0,0,0,0.0,0,0,0.0,0,0,0.0,0,0,0.0,5,0,600000.0,,,,,,,,,,,,,,,,,,,,,,,,
SP,Bofete,Tirar da analise,12/02/2020,SP-F-3506904-12200-20200210,12200 - Enxurradas,Reconhecido,9282,0,0,0,0,4,0,9280,0,0,0.0,0,0,0.0,0,0,0.0,0,0,0.0,0,0,0.0,3,2,510000.0,,,,,,0.0,0.0,0.0,0.0,0.0,0.0,0.0,17000.0,0.0,0.0,0.0,0.0,0.0,0.0,0.0,0.0,,,
SP,Boituva,Tirar da analise,24/02/2023,SP-F-3507001-13214-20230218,13214 - Tempestade Local/Convectiva - Chuvas Intensas,Reconhecido,48323,0,0,0,0,330,0,14744,0,0,0.0,0,0,0.0,0,0,0.0,0,0,0.0,2,0,120082.83,25,0,4059498.81,,,,,,,,,,,,,,,,,,,,,,,,
SP,Botucatu,Tirar da analise,11/02/2020,SP-F-3507506-13214-20200210,13214 - Tempestade Local/Convectiva - Chuvas Intensas,Reconhecido,127370,4,1,0,35,100,0,70000,80,10,500000.0,0,0,0.0,1,0,3200.0,0,0,0.0,0,0,0.0,6,27,1.5E7,,,,DE 10% A 20%,,0.0,8800.0,0.0,100000.0,16519.17,0.0,0.0,3000.0,0.0,2000.0,0.0,0.0,0.0,100000.0,400000.0,0.0,,,
SP,Brotas,Tirar da analise,29/12/2022,SP-F-3507902-13214-20221228,13214 - Tempestade Local/Convectiva - Chuvas Intensas,Reconhecido,21580,0,0,0,0,0,0,100,0,0,0.0,0,0,0.0,0,0,0.0,0,0,0.0,0,0,0.0,0,5,500000.0,,,,,,0.0,0.0,0.0,0.0,0.0,0.0,0.0,500000.0,0.0,0.0,0.0,5000000.0,0.0,0.0,0.0,100000.0,,,
SP,Brotas,Tirar da analise,12/03/2024,SP-F-3507902-13214-20240309,13214 - Tempestade Local/Convectiva - Chuvas Intensas,Reconhecido,21580,1,0,0,0,8,0,23889,0,0,0.0,0,0,0.0,0,0,0.0,0,0,0.0,0,0,0.0,17,0,550000.0,,,,,,,,,,,,,,,,,,,,,,,,
SP,Brotas,Tirar da analise,18/03/2025,SP-F-3507902-13214-20250317,13214 - Tempestade Local/Convectiva - Chuvas Intensas,Registro,21580,0,0,0,0,4,0,11,3,0,15000.0,0,0,0.0,11,0,20000.0,0,0,0.0,0,0,0.0,3,0,178600.0,,,,,,,,,,,,,,,,,,,,,,,,
SP,Cabrália Paulista,Tirar da analise,08/02/2022,SP-F-3508306-13214-20220130,13214 - Tempestade Local/Convectiva - Chuvas Intensas,Registro,4365,0,0,0,0,0,0,1000,0,0,0.0,0,0,0.0,0,0,0.0,0,0,0.0,0,0,0.0,0,1,8000.0,,,,,,0.0,0.0,0.0,0.0,0.0,0.0,0.0,8000.0,0.0,0.0,0.0,8000.0,12000.0,0.0,0.0,0.0,,,
SP,Cabreúva,Tirar da analise,19/03/2020,SP-F-3508405-12100-20200210,12100 - Inundações,Registro,41643,1,0,0,0,2,0,39,0,0,0.0,0,0,0.0,0,0,0.0,0,0,0.0,0,0,0.0,0,0,0.0,MAIS DE 20%,DE 5% A 10%,MAIS DE 20%,,,0.0,0.0,0.0,0.0,0.0,0.0,0.0,0.0,0.0,0.0,0.0,0.0,0.0,0.0,0.0,0.0,,,
SP,Caçapava,Tirar da analise,24/02/2023,SP-F-3508504-13214-20230219,13214 - Tempestade Local/Convectiva - Chuvas Intensas,Reconhecido,84844,0,0,0,0,4,0,8297,0,0,0.0,0,0,0.0,0,0,0.0,0,0,0.0,0,0,0.0,4,2,"1,46E+15",,,,,,,,,,,,,,,,,,,,,,,,
SP,Cachoeira Paulista,Tirar da analise,10/02/2023,SP-F-3508603-13214-20230209,13214 - Tempestade Local/Convectiva - Chuvas Intensas,Reconhecido,30099,0,0,0,0,0,0,16900,0,0,0.0,0,0,0.0,0,0,0.0,0,0,0.0,0,0,0.0,1,2,508000.0,,,,,,,,,,,,,,,,,,,,,,,,
SP,Caiabu,Tirar da analise,16/02/2023,SP-F-3508900-13214-20230211,13214 - Tempestade Local/Convectiva - Chuvas Intensas,Registro,4072,0,0,0,0,0,0,0,0,0,0.0,0,0,0.0,0,0,0.0,0,0,0.0,0,0,0.0,0,0,0.0,,,,,,,,,,,,,,,,,,,,,,,,
SP,Caiuá,Tirar da analise,07/02/2022,SP-F-3509106-13214-20220130,13214 - Tempestade Local/Convectiva - Chuvas Intensas,Não reconhecido,5039,0,0,0,0,0,0,0,1,0,0.0,0,0,0.0,0,0,0.0,0,0,0.0,2,1,0.0,0,0,0.0,,,,,,10000.0,0.0,0.0,1000.0,0.0,0.0,0.0,50000.0,0.0,0.0,0.0,10000.0,10000.0,0.0,10000.0,10000.0,,,
SP,Campinas,Tirar da analise,23/01/2023,SP-F-3509502-13214-20230120,13214 - Tempestade Local/Convectiva - Chuvas Intensas,Reconhecido,1080999,0,0,0,0,300,0,0,100,0,6500000.0,42,0,1977000.0,13,0,399970.0,2,0,300000.0,17,0,625000.0,6,1,6.5E7,,,,,,,,,,,,,,,,,,,,,,,,
SP,Capivari,Tirar da analise,19/11/2020,SP-F-3510401-13214-20201117,13214 - Tempestade Local/Convectiva - Chuvas Intensas,Reconhecido,48573,0,0,0,0,43,0,52957,0,0,0.0,0,0,0.0,2,0,100000.0,2,0,200000.0,1,0,30000.0,3,0,490000.0,,,,,,0.0,0.0,0.0,150000.0,0.0,0.0,0.0,0.0,0.0,0.0,0.0,0.0,0.0,0.0,0.0,0.0,,,
SP,Capivari,Tirar da analise,31/12/2022,SP-F-3510401-13214-20221228,13214 - Tempestade Local/Convectiva - Chuvas Intensas,Reconhecido,48573,0,0,0,161,3000,0,40000,0,0,0.0,0,0,0.0,0,0,0.0,0,0,0.0,0,0,0.0,6,0,"1,52E+10",,,,,,0.0,5500000.0,0.0,9650000.0,0.0,0.0,0.0,0.0,0.0,100000.0,0.0,0.0,0.0,0.0,0.0,0.0,,,
SP,Capivari,Tirar da analise,31/01/2022,SP-F-3510401-13214-20220129,13214 - Tempestade Local/Convectiva - Chuvas Intensas,Reconhecido,48573,0,1,0,250,2000,0,18000,1300,0,1000000.0,0,0,0.0,1,0,250000.0,0,0,0.0,0,0,0.0,7,0,"1,90E+10",,,,,,0.0,4250000.0,0.0,500000.0,0.0,0.0,0.0,0.0,0.0,0.0,250000.0,0.0,0.0,0.0,0.0,0.0,,,
SP,Capivari,Tirar da analise,31/01/2022,SP-F-3510401-12100-20220129,12100 - Inundações,Registro,48573,0,0,0,0,0,0,0,0,0,0.0,0,0,0.0,0,0,0.0,0,0,0.0,0,0,0.0,0,0,0.0,,,,,,0.0,0.0,0.0,0.0,0.0,0.0,0.0,0.0,0.0,0.0,0.0,0.0,0.0,0.0,0.0,0.0,,,
SP,Capivari,Tirar da analise,30/12/2024,SP-F-3510401-12100-20241228,12100 - Inundações,Reconhecido,48573,0,0,0,176,700,0,40000,0,0,0.0,0,0,0.0,0,0,0.0,0,0,0.0,0,0,0.0,5,0,3079509.59,,,,,,,,,,,,,,,,,,,,,,,,
SP,Caraguatatuba,Tirar da analise,19/02/2023,SP-F-3510500-13214-20230218,13214 - Tempestade Local/Convectiva - Chuvas Intensas,Reconhecido,100899,0,0,0,0,0,0,100899,0,0,0.0,0,0,0.0,0,0,0.0,0,0,0.0,0,0,0.0,10,0,1800000.0,,,,,,,,,,,,,,,,,,,,,,,,
SP,Cássia dos Coqueiros,Tirar da analise,14/11/2023,SP-F-3510906-13214-20231031,13214 - Tempestade Local/Convectiva - Chuvas Intensas,Não reconhecido,2627,0,0,0,0,0,0,0,0,0,0.0,0,0,0.0,0,0,0.0,0,0,0.0,0,0,0.0,0,0,0.0,,,,,,,,,,,,,,,,,,,,,,,,
SP,Catanduva,Tirar da analise,19/11/2020,SP-F-3511102-13214-20201118,13214 - Tempestade Local/Convectiva - Chuvas Intensas,Registro,112843,0,0,0,0,0,0,0,1,0,10000.0,1,0,10000.0,3,0,20000.0,0,0,0.0,2,0,20000.0,1,0,40000.0,,,,,,0.0,0.0,0.0,0.0,0.0,0.0,0.0,0.0,0.0,0.0,0.0,0.0,0.0,0.0,0.0,0.0,,,
SP,Catiguá,Tirar da analise,10/02/2022,SP-F-3511201-13214-20220131,13214 - Tempestade Local/Convectiva - Chuvas Intensas,Não reconhecido,7127,0,0,0,37,0,0,45,0,0,0.0,0,0,0.0,0,0,0.0,0,0,0.0,0,0,0.0,6,0,1256234.96,,,,,,0.0,0.0,0.0,0.0,0.0,0.0,0.0,0.0,0.0,0.0,0.0,0.0,0.0,0.0,15000.0,0.0,,,
SP,Charqueada,Tirar da analise,10/02/2023,SP-F-3511706-12300-20230202,12300 - Alagamentos,Registro,15086,0,0,0,0,5,0,0,4,0,150000.0,0,0,0.0,0,0,0.0,0,0,0.0,0,0,0.0,0,0,0.0,,,,,,,,,,,,,,,,,,,,,,,,
SP,Cosmópolis,Tirar da analise,05/01/2023,SP-F-3512803-12200-20230103,12200 - Enxurradas,Não reconhecido,58821,0,0,0,0,0,0,1,0,0,0.0,0,0,0.0,0,0,0.0,0,0,0.0,0,0,0.0,1,0,4600000.0,,,,,,,,,,,,,,,,,,,,,,,,
SP,Cunha,Tirar da analise,06/04/2022,SP-F-3513603-13214-20220403,13214 - Tempestade Local/Convectiva - Chuvas Intensas,Reconhecido,21874,0,0,0,0,0,0,1084,0,0,0.0,0,0,0.0,0,0,0.0,0,0,0.0,0,0,0.0,0,16,"1,09E+10",DE 0% A 5%,,,,,0.0,0.0,0.0,0.0,0.0,0.0,0.0,"1,09E+10",0.0,0.0,0.0,0.0,472290.0,0.0,0.0,0.0,,,
SP,Cunha,Tirar da analise,06/02/2023,SP-F-3513603-13214-20230201,13214 - Tempestade Local/Convectiva - Chuvas Intensas,Reconhecido,21874,0,1,0,0,9,0,1022,0,0,0.0,0,0,0.0,0,0,0.0,0,0,0.0,1,0,150000.0,10,0,229000.0,,,,,,,,,,,,,,,,,,,,,,,,
SP,Diadema,Tirar da analise,23/04/2025,SP-F-3513801-13214-20250419,13214 - Tempestade Local/Convectiva - Chuvas Intensas,Reconhecido,386039,0,0,0,0,0,0,1108,1,0,150000.0,0,0,0.0,1,0,300000.0,0,0,0.0,0,0,0.0,8,0,435000.0,,,,,,,,,,,,,,,,,,,,,,,,
SP,Diadema,Tirar da analise,28/02/2025,SP-F-3513801-12300-20250131,12300 - Alagamentos,Não reconhecido,386039,0,0,0,0,0,0,42,0,0,0.0,0,0,0.0,0,0,0.0,0,0,0.0,0,0,0.0,0,0,0.0,,,,,,,,,,,,,,,,,,,,,,,,
SP,Dois Córregos,Tirar da analise,03/01/2023,SP-F-3514106-13214-20221228,13214 - Tempestade Local/Convectiva - Chuvas Intensas,Reconhecido,24768,0,0,0,16,134,0,24618,42,0,5000.0,0,0,0.0,0,0,0.0,0,0,0.0,0,0,0.0,7,6,3560000.0,,,,MAIS DE 20%,,0.0,1500000.0,0.0,60000.0,0.0,0.0,0.0,2000000.0,0.0,0.0,0.0,500000.0,0.0,0.0,0.0,0.0,,,
SP,Embu das Artes,Tirar da analise,07/01/2021,SP-F-3515004-13214-20201229,13214 - Tempestade Local/Convectiva - Chuvas Intensas,Reconhecido,240007,8,0,0,37,507,0,2406,105,23,9200000.0,0,0,100000.0,0,0,0.0,0,0,300000.0,0,0,0.0,0,0,1.08E7,,,,,,100000.0,0.0,0.0,240000.0,0.0,0.0,0.0,0.0,0.0,30180.0,0.0,0.0,0.0,0.0,0.0,0.0,,,
SP,Embu das Artes,Tirar da analise,18/01/2021,SP-F-3515004-13214-20210110,13214 - Tempestade Local/Convectiva - Chuvas Intensas,Reconhecido,240007,0,0,0,0,12,0,0,3,2,100630.6,0,0,0.0,0,0,0.0,0,0,0.0,0,0,0.0,0,0,5000000.0,,,,,,0.0,0.0,5000000.0,0.0,0.0,0.0,0.0,0.0,0.0,0.0,0.0,0.0,0.0,0.0,0.0,0.0,,,
SP,Embu das Artes,Tirar da analise,31/01/2022,SP-F-3515004-13214-20220127,13214 - Tempestade Local/Convectiva - Chuvas Intensas,Reconhecido,240007,3,0,0,230,850,0,0,1018,10,4.3E7,0,0,0.0,0,0,0.0,0,0,0.0,0,0,0.0,30,0,3.5E7,,,,,,0.0,2500000.0,5000000.0,8000000.0,0.0,1000000.0,1000000.0,2500000.0,0.0,800000.0,0.0,0.0,0.0,0.0,0.0,0.0,,,
SP,Embu das Artes,Tirar da analise,14/03/2023,SP-F-3515004-13214-20230308,13214 - Tempestade Local/Convectiva - Chuvas Intensas,Reconhecido,240007,0,0,0,36,292,0,11399,0,0,0.0,0,0,0.0,2,0,540000.0,0,0,0.0,1,0,6500000.0,6,0,4056355.67,,,,,,,,,,,,,,,,,,,,,,,,
SP,Embu das Artes,Tirar da analise,04/02/2025,SP-F-3515004-13214-20250203,13214 - Tempestade Local/Convectiva - Chuvas Intensas,Reconhecido,240007,0,0,0,11,382,0,66261,0,0,0.0,0,0,0.0,7,0,1800000.0,1,0,150000.0,1,0,5000000.0,2,0,4000000.0,,,,,,,,,,,,,,,,,,,,,,,,
SP,Embu das Artes,Tirar da analise,03/02/2025,SP-F-3515004-13214-20250202,13214 - Tempestade Local/Convectiva - Chuvas Intensas,Registro,240007,0,0,0,18,228,0,0,40,10,2000000.0,8,0,600000.0,7,0,600000.0,9,0,820000.0,2,0,2000000.0,1,2,1500000.0,,,,,,,,,,,,,,,,,,,,,,,,
SP,Embu das Artes,Tirar da analise,04/02/2025,SP-F-3515004-13214-20250201,13214 - Tempestade Local/Convectiva - Chuvas Intensas,Registro,240007,0,0,0,0,0,0,0,0,0,0.0,0,0,0.0,0,0,0.0,0,0,0.0,0,0,0.0,0,0,0.0,,,,,,,,,,,,,,,,,,,,,,,,
SP,Embu-Guaçu,Tirar da analise,18/01/2024,SP-F-3515103-13214-20240112,13214 - Tempestade Local/Convectiva - Chuvas Intensas,Reconhecido,62846,0,0,0,0,268,0,13880,0,0,0.0,2,0,721249.65,2,0,805000.0,0,0,0.0,0,0,0.0,15,2,1788000.0,,,,,,,,,,,,,,,,,,,,,,,,
SP,Euclides da Cunha Paulista,Tirar da analise,31/10/2021,SP-F-3515350-13214-20211023,13214 - Tempestade Local/Convectiva - Chuvas Intensas,Reconhecido,9585,0,0,0,0,40,0,9545,1000,0,1000000.0,1,0,19575.81,1,0,38839.51,0,0,0.0,1,0,81960.61,1,0,16054.92,,,,MAIS DE 20%,,150000.0,0.0,0.0,0.0,0.0,0.0,0.0,0.0,0.0,0.0,38839.51,2000000.0,0.0,0.0,2000000.0,0.0,,,
SP,Euclides da Cunha Paulista,Tirar da analise,02/02/2021,SP-F-3515350-13214-20210131,13214 - Tempestade Local/Convectiva - Chuvas Intensas,Reconhecido,9585,0,0,0,0,0,0,9585,0,0,0.0,0,0,0.0,0,0,0.0,0,0,0.0,0,0,0.0,1,0,321927.0,,,,,,0.0,0.0,321927.0,0.0,0.0,0.0,0.0,0.0,0.0,0.0,0.0,0.0,0.0,0.0,0.0,0.0,,,
SP,Fernando Prestes,Tirar da analise,23/01/2023,SP-F-3515608-13214-20230119,13214 - Tempestade Local/Convectiva - Chuvas Intensas,Reconhecido,5534,0,0,0,7,0,0,200,0,0,0.0,1,0,50000.0,0,0,0.0,0,0,0.0,0,0,0.0,1,0,100000.0,,,,,,,,,,,,,,,,,,,,,,,,
SP,Fernandópolis,Tirar da analise,27/01/2020,SP-F-3515509-13214-20200123,13214 - Tempestade Local/Convectiva - Chuvas Intensas,Registro,64707,0,0,0,0,0,0,100,0,0,0.0,0,0,0.0,0,0,0.0,0,0,0.0,0,0,0.0,1,0,500000.0,,,,,,0.0,0.0,0.0,0.0,0.0,0.0,0.0,100000.0,0.0,0.0,0.0,0.0,0.0,0.0,0.0,0.0,,,
SP,Ferraz de Vasconcelos,Tirar da analise,07/02/2023,SP-F-3515707-13214-20230203,13214 - Tempestade Local/Convectiva - Chuvas Intensas,Reconhecido,168290,0,0,0,0,0,0,49108,0,0,0.0,0,0,0.0,0,0,0.0,0,0,0.0,0,0,0.0,20,0,"2,52E+16",,,,,,,,,,,,,,,,,,,,,,,,
SP,Ferraz de Vasconcelos,Tirar da analise,08/02/2025,SP-F-3515707-13214-20250202,13214 - Tempestade Local/Convectiva - Chuvas Intensas,Reconhecido,168290,0,0,0,0,92,0,55412,47,0,1389961.5,0,0,0.0,0,0,0.0,1,0,5500.0,0,0,0.0,6,0,669695.55,,,,,,,,,,,,,,,,,,,,,,,,
SP,Flora Rica,Tirar da analise,09/02/2022,SP-F-3515806-13214-20220130,13214 - Tempestade Local/Convectiva - Chuvas Intensas,Reconhecido,1752,0,0,0,0,0,0,1397,0,0,0.0,0,0,0.0,1,0,600000.0,0,0,0.0,4,3,3000000.0,1,0,400000.0,,,,,,20000.0,0.0,100000.0,5000.0,0.0,0.0,0.0,10000.0,2000.0,3000.0,5000.0,10000.0,10000.0,0.0,5000.0,31000.0,,,
SP,Getulina,Tirar da analise,26/10/2023,SP-F-3517000-13214-20231024,13214 - Tempestade Local/Convectiva - Chuvas Intensas,Reconhecido,10777,0,0,0,0,1,0,3749,0,0,0.0,1,0,10000.0,0,0,0.0,0,0,0.0,0,0,0.0,8,0,7500000.0,,,,,,,,,,,,,,,,,,,,,,,,
SP,Getulina,Tirar da analise,04/02/2025,SP-F-3517000-13214-20250201,13214 - Tempestade Local/Convectiva - Chuvas Intensas,Reconhecido,10777,0,0,0,0,0,0,2434,0,0,0.0,0,0,0.0,0,0,0.0,0,0,0.0,0,0,0.0,8,0,760000.0,,,,,,,,,,,,,,,,,,,,,,,,
SP,Getulina,Tirar da analise,31/01/2025,SP-F-3517000-13214-20250131,13214 - Tempestade Local/Convectiva - Chuvas Intensas,Registro,10777,0,0,0,0,0,0,454,2,0,0.0,0,0,0.0,0,0,0.0,0,0,0.0,0,0,0.0,4,0,760000.0,,,,,,,,,,,,,,,,,,,,,,,,
SP,Guaratinguetá,Tirar da analise,22/02/2024,SP-F-3518404-13214-20240222,13214 - Tempestade Local/Convectiva - Chuvas Intensas,Reconhecido,112091,0,0,0,5,202,0,6833,292,0,1450000.0,0,0,0.0,1,0,10000.0,0,0,0.0,0,0,0.0,5,0,3641115.8,,,,,,,,,,,,,,,,,,,,,,,,
SP,Guaratinguetá,Tirar da analise,22/02/2024,SP-F-3518404-13214-20240221,13214 - Tempestade Local/Convectiva - Chuvas Intensas,Registro,112091,0,0,0,0,10,0,5,250,0,0.0,0,0,0.0,0,0,0.0,0,0,0.0,0,0,0.0,0,0,0.0,,,,,,,,,,,,,,,,,,,,,,,,
SP,Guariba,Tirar da analise,30/11/2022,SP-F-3518602-13214-20221128,13214 - Tempestade Local/Convectiva - Chuvas Intensas,Registro,35491,0,0,0,0,0,0,0,0,0,0.0,0,0,0.0,0,0,0.0,0,0,0.0,0,0,0.0,0,0,0.0,,,,,,0.0,0.0,0.0,0.0,0.0,0.0,0.0,0.0,0.0,0.0,0.0,0.0,0.0,0.0,0.0,0.0,,,
SP,Guariba,Tirar da analise,22/09/2022,SP-F-3518602-13214-20220921,13214 - Tempestade Local/Convectiva - Chuvas Intensas,Registro,35491,0,0,0,0,0,0,0,0,0,0.0,0,0,0.0,0,0,0.0,0,0,0.0,0,0,0.0,0,0,0.0,,,,,,0.0,0.0,0.0,0.0,0.0,0.0,0.0,0.0,0.0,0.0,0.0,0.0,0.0,0.0,0.0,0.0,,,
SP,Guariba,Tirar da analise,07/03/2022,SP-F-3518602-13214-20220215,13214 - Tempestade Local/Convectiva - Chuvas Intensas,Reconhecido,35491,0,0,0,0,0,0,10000,0,0,0.0,0,0,0.0,0,0,0.0,0,0,0.0,0,0,0.0,5,0,"2,41E+16",,,MAIS DE 20%,,,0.0,0.0,0.0,18000.0,0.0,0.0,0.0,0.0,0.0,0.0,0.0,0.0,0.0,0.0,0.0,0.0,,,
SP,Guariba,Tirar da analise,15/02/2023,SP-F-3518602-13214-20230214,13214 - Tempestade Local/Convectiva - Chuvas Intensas,Registro,35491,0,0,0,0,0,0,0,0,0,0.0,0,0,0.0,0,0,0.0,0,0,0.0,0,0,0.0,0,0,0.0,,,,,,,,,,,,,,,,,,,,,,,,
SP,Guariba,Tirar da analise,03/04/2024,SP-F-3518602-13214-20240328,13214 - Tempestade Local/Convectiva - Chuvas Intensas,Reconhecido,35491,0,0,0,8,69,0,10000,3,0,35000.0,0,0,0.0,0,0,0.0,0,0,0.0,0,0,0.0,6,0,289596.14,,,,,,,,,,,,,,,,,,,,,,,,
SP,Guarujá,Tirar da analise,03/03/2020,SP-F-3518701-13214-20200302,13214 - Tempestade Local/Convectiva - Chuvas Intensas,Reconhecido,290607,33,37,0,169,954,17,100000,954,169,0.0,5,0,380268.0,0,0,0.0,0,0,0.0,0,0,0.0,6,0,9.0E7,,,,,,380268.0,0.0,0.0,950000.0,166360.0,0.0,0.0,0.0,0.0,0.0,85078.35,0.0,0.0,0.0,0.0,0.0,,,
SP,Guarujá,Tirar da analise,19/02/2023,SP-F-3518701-13214-20230218,13214 - Tempestade Local/Convectiva - Chuvas Intensas,Reconhecido,290607,0,0,0,0,0,0,290607,0,0,0.0,0,0,0.0,0,0,0.0,0,0,0.0,0,0,0.0,10,0,1800000.0,,,,,,,,,,,,,,,,,,,,,,,,
SP,Ibiúna,Tirar da analise,04/03/2020,SP-F-3519709-12100-20200228,12100 - Inundações,Registro,71228,0,0,0,0,0,0,0,0,0,0.0,0,0,0.0,0,0,0.0,0,0,0.0,0,0,0.0,0,0,0.0,,,,,,0.0,0.0,0.0,0.0,0.0,0.0,0.0,0.0,0.0,0.0,0.0,0.0,0.0,0.0,0.0,0.0,,,
SP,Ibiúna,Tirar da analise,04/03/2020,SP-F-3519709-12200-20200228,12200 - Enxurradas,Registro,71228,0,0,0,0,0,0,0,0,0,0.0,0,0,0.0,0,0,0.0,0,0,0.0,0,0,0.0,0,0,0.0,,,,,,0.0,0.0,0.0,0.0,0.0,0.0,0.0,0.0,0.0,0.0,0.0,0.0,0.0,0.0,0.0,0.0,,,
SP,Ibiúna,Tirar da analise,04/03/2020,SP-F-3519709-12200-20200227,12200 - Enxurradas,Registro,71228,0,0,0,0,0,0,0,0,0,0.0,0,0,0.0,0,0,0.0,0,0,0.0,0,0,0.0,0,0,0.0,,,,,,0.0,0.0,0.0,0.0,0.0,0.0,0.0,0.0,0.0,0.0,0.0,0.0,0.0,0.0,0.0,0.0,,,
SP,Ibiúna,Tirar da analise,04/03/2020,SP-F-3519709-12300-20200227,12300 - Alagamentos,Registro,71228,0,0,0,0,0,0,0,0,0,0.0,0,0,0.0,0,0,0.0,0,0,0.0,0,0,0.0,0,0,0.0,,,,,,0.0,0.0,0.0,0.0,0.0,0.0,0.0,0.0,0.0,0.0,0.0,0.0,0.0,0.0,0.0,0.0,,,
SP,Ibiúna,Tirar da analise,04/03/2020,SP-F-3519709-12300-20200226,12300 - Alagamentos,Registro,71228,0,0,0,0,0,0,0,0,0,0.0,0,0,0.0,0,0,0.0,0,0,0.0,0,0,0.0,0,0,0.0,,,,,,0.0,0.0,0.0,0.0,0.0,0.0,0.0,0.0,0.0,0.0,0.0,0.0,0.0,0.0,0.0,0.0,,,
SP,Ibiúna,Tirar da analise,04/03/2020,SP-F-3519709-12200-20200226,12200 - Enxurradas,Registro,71228,0,0,0,0,0,0,0,0,0,0.0,0,0,0.0,0,0,0.0,0,0,0.0,0,0,0.0,0,0,0.0,,,,,,0.0,0.0,0.0,0.0,0.0,0.0,0.0,0.0,0.0,0.0,0.0,0.0,0.0,0.0,0.0,0.0,,,
SP,Ibiúna,Tirar da analise,04/03/2020,SP-F-3519709-12300-20200214,12300 - Alagamentos,Registro,71228,0,0,0,0,0,0,0,0,0,0.0,0,0,0.0,0,0,0.0,0,0,0.0,0,0,0.0,0,0,0.0,,,,,,0.0,0.0,0.0,0.0,0.0,0.0,0.0,0.0,0.0,0.0,0.0,0.0,0.0,0.0,0.0,0.0,,,
SP,Ibiúna,Tirar da analise,04/03/2020,SP-F-3519709-12100-20200213,12100 - Inundações,Registro,71228,0,0,0,0,0,0,0,0,0,0.0,0,0,0.0,0,0,0.0,0,0,0.0,0,0,0.0,0,0,0.0,,,,,,0.0,0.0,0.0,0.0,0.0,0.0,0.0,0.0,0.0,0.0,0.0,0.0,0.0,0.0,0.0,0.0,,,
SP,Ibiúna,Tirar da analise,04/03/2020,SP-F-3519709-12200-20200213,12200 - Enxurradas,Registro,71228,0,0,0,0,0,0,0,0,0,0.0,0,0,0.0,0,0,0.0,0,0,0.0,0,0,0.0,0,0,0.0,,,,,,0.0,0.0,0.0,0.0,0.0,0.0,0.0,0.0,0.0,0.0,0.0,0.0,0.0,0.0,0.0,0.0,,,
SP,Ibiúna,Tirar da analise,04/03/2020,SP-F-3519709-13214-20200210,13214 - Tempestade Local/Convectiva - Chuvas Intensas,Registro,71228,0,0,0,0,0,0,0,0,0,0.0,0,0,0.0,0,0,0.0,0,0,0.0,0,0,0.0,0,0,0.0,,,,,,0.0,0.0,0.0,0.0,0.0,0.0,0.0,0.0,0.0,0.0,0.0,0.0,0.0,0.0,0.0,0.0,,,
SP,Ibiúna,Tirar da analise,04/03/2020,SP-F-3519709-12300-20200210,12300 - Alagamentos,Registro,71228,0,0,0,0,0,0,0,0,0,0.0,0,0,0.0,0,0,0.0,0,0,0.0,0,0,0.0,0,0,0.0,,,,,,0.0,0.0,0.0,0.0,0.0,0.0,0.0,0.0,0.0,0.0,0.0,0.0,0.0,0.0,0.0,0.0,,,
SP,Ibiúna,Tirar da analise,04/03/2020,SP-F-3519709-12100-20200210,12100 - Inundações,Registro,71228,0,0,0,0,0,0,0,0,0,0.0,0,0,0.0,0,0,0.0,0,0,0.0,0,0,0.0,0,0,0.0,,,,,,0.0,0.0,0.0,0.0,0.0,0.0,0.0,0.0,0.0,0.0,0.0,0.0,0.0,0.0,0.0,0.0,,,
SP,Ibiúna,Tirar da analise,04/03/2020,SP-F-3519709-12200-20200209,12200 - Enxurradas,Registro,71228,0,0,0,0,0,0,0,0,0,0.0,0,0,0.0,0,0,0.0,0,0,0.0,0,0,0.0,0,0,0.0,,,,,,0.0,0.0,0.0,0.0,0.0,0.0,0.0,0.0,0.0,0.0,0.0,0.0,0.0,0.0,0.0,0.0,,,
SP,Ibiúna,Tirar da analise,04/03/2020,SP-F-3519709-12300-20200109,12300 - Alagamentos,Registro,71228,0,0,0,0,0,0,0,0,0,0.0,0,0,0.0,0,0,0.0,0,0,0.0,0,0,0.0,0,0,0.0,,,,,,0.0,0.0,0.0,0.0,0.0,0.0,0.0,0.0,0.0,0.0,0.0,0.0,0.0,0.0,0.0,0.0,,,
SP,Ibiúna,Tirar da analise,04/03/2020,SP-F-3519709-12200-20200109,12200 - Enxurradas,Registro,71228,0,0,0,0,0,0,0,0,0,0.0,0,0,0.0,0,0,0.0,0,0,0.0,0,0,0.0,0,0,0.0,,,,,,0.0,0.0,0.0,0.0,0.0,0.0,0.0,0.0,0.0,0.0,0.0,0.0,0.0,0.0,0.0,0.0,,,
SP,Ibiúna,Tirar da analise,04/03/2020,SP-F-3519709-12300-20200108,12300 - Alagamentos,Registro,71228,0,0,0,0,0,0,0,0,0,0.0,0,0,0.0,0,0,0.0,0,0,0.0,0,0,0.0,0,0,0.0,,,,,,0.0,0.0,0.0,0.0,0.0,0.0,0.0,0.0,0.0,0.0,0.0,0.0,0.0,0.0,0.0,0.0,,,
SP,Ibiúna,Tirar da analise,04/03/2020,SP-F-3519709-12200-20200108,12200 - Enxurradas,Registro,71228,0,0,0,0,0,0,0,0,0,0.0,0,0,0.0,0,0,0.0,0,0,0.0,0,0,0.0,0,0,0.0,,,,,,0.0,0.0,0.0,0.0,0.0,0.0,0.0,0.0,0.0,0.0,0.0,0.0,0.0,0.0,0.0,0.0,,,
SP,Ibiúna,Tirar da analise,15/03/2023,SP-F-3519709-13214-20230220,13214 - Tempestade Local/Convectiva - Chuvas Intensas,Registro,71228,0,0,0,0,0,0,0,0,0,0.0,0,0,0.0,0,0,0.0,0,0,0.0,0,0,0.0,0,0,0.0,,,,,,,,,,,,,,,,,,,,,,,,
SP,Ibiúna,Tirar da analise,15/03/2023,SP-F-3519709-13214-20230218,13214 - Tempestade Local/Convectiva - Chuvas Intensas,Registro,71228,0,0,0,0,0,0,0,0,0,0.0,0,0,0.0,0,0,0.0,0,0,0.0,0,0,0.0,0,0,0.0,,,,,,,,,,,,,,,,,,,,,,,,
SP,Ibiúna,Tirar da analise,14/03/2023,SP-F-3519709-12300-20230212,12300 - Alagamentos,Registro,71228,0,0,0,0,59,0,0,19,0,0.0,0,0,0.0,0,0,0.0,0,0,0.0,0,0,0.0,0,0,0.0,,,,,,,,,,,,,,,,,,,,,,,,
SP,Ibiúna,Tirar da analise,15/03/2023,SP-F-3519709-13214-20230201,13214 - Tempestade Local/Convectiva - Chuvas Intensas,Registro,71228,0,0,0,0,0,0,0,0,0,0.0,0,0,0.0,0,0,0.0,0,0,0.0,0,0,0.0,0,0,0.0,,,,,,,,,,,,,,,,,,,,,,,,
SP,Ibiúna,Tirar da analise,15/03/2023,SP-F-3519709-13214-20230119,13214 - Tempestade Local/Convectiva - Chuvas Intensas,Registro,71228,0,0,0,0,0,0,0,0,0,0.0,0,0,0.0,0,0,0.0,0,0,0.0,0,0,0.0,0,0,0.0,,,,,,,,,,,,,,,,,,,,,,,,
SP,Ibiúna,Tirar da analise,15/03/2023,SP-F-3519709-13214-20230118,13214 - Tempestade Local/Convectiva - Chuvas Intensas,Registro,71228,0,0,0,0,0,0,0,0,0,0.0,0,0,0.0,0,0,0.0,0,0,0.0,0,0,0.0,0,0,0.0,,,,,,,,,,,,,,,,,,,,,,,,
SP,Ibiúna,Tirar da analise,15/03/2023,SP-F-3519709-13214-20230117,13214 - Tempestade Local/Convectiva - Chuvas Intensas,Registro,71228,0,0,0,0,0,0,0,0,0,0.0,0,0,0.0,0,0,0.0,0,0,0.0,0,0,0.0,0,0,0.0,,,,,,,,,,,,,,,,,,,,,,,,
SP,Ibiúna,Tirar da analise,15/03/2023,SP-F-3519709-12300-20230117,12300 - Alagamentos,Registro,71228,0,0,0,0,0,0,0,0,0,0.0,0,0,0.0,0,0,0.0,0,0,0.0,0,0,0.0,0,0,0.0,,,,,,,,,,,,,,,,,,,,,,,,
SP,Ibiúna,Tirar da analise,15/03/2023,SP-F-3519709-12300-20230113,12300 - Alagamentos,Registro,71228,0,0,0,0,0,0,0,0,0,0.0,0,0,0.0,0,0,0.0,0,0,0.0,0,0,0.0,0,0,0.0,,,,,,,,,,,,,,,,,,,,,,,,
SP,Ibiúna,Tirar da analise,09/03/2023,SP-F-3519709-13214-20230110,13214 - Tempestade Local/Convectiva - Chuvas Intensas,Registro,71228,0,0,0,0,0,0,0,0,0,0.0,0,0,0.0,0,0,0.0,0,0,0.0,0,0,0.0,0,0,0.0,,,,,,,,,,,,,,,,,,,,,,,,
SP,Ibiúna,Tirar da analise,09/03/2023,SP-F-3519709-13214-20230106,13214 - Tempestade Local/Convectiva - Chuvas Intensas,Registro,71228,0,0,0,0,0,0,0,0,0,0.0,0,0,0.0,0,0,0.0,0,0,0.0,0,0,0.0,0,0,0.0,,,,,,,,,,,,,,,,,,,,,,,,
SP,Ibiúna,Tirar da analise,09/03/2023,SP-F-3519709-12300-20230106,12300 - Alagamentos,Registro,71228,0,0,0,0,0,0,0,0,0,0.0,0,0,0.0,0,0,0.0,0,0,0.0,0,0,0.0,0,0,0.0,,,,,,,,,,,,,,,,,,,,,,,,
SP,Ibiúna,Tirar da analise,07/03/2023,SP-F-3519709-13214-20230105,13214 - Tempestade Local/Convectiva - Chuvas Intensas,Registro,71228,0,0,0,0,0,0,0,0,0,0.0,0,0,0.0,0,0,0.0,0,0,0.0,0,0,0.0,0,0,0.0,,,,,,,,,,,,,,,,,,,,,,,,
SP,Ibiúna,Tirar da analise,07/03/2023,SP-F-3519709-12300-20230105,12300 - Alagamentos,Registro,71228,0,0,0,0,0,0,0,0,0,0.0,0,0,0.0,0,0,0.0,0,0,0.0,0,0,0.0,0,0,0.0,,,,,,,,,,,,,,,,,,,,,,,,
SP,Ibiúna,Tirar da analise,08/03/2023,SP-F-3519709-12300-20230104,12300 - Alagamentos,Registro,71228,0,0,0,0,0,0,0,0,0,0.0,0,0,0.0,0,0,0.0,0,0,0.0,0,0,0.0,0,0,0.0,,,,,,,,,,,,,,,,,,,,,,,,
SP,Ibiúna,Tirar da analise,03/03/2023,SP-F-3519709-13214-20230104,13214 - Tempestade Local/Convectiva - Chuvas Intensas,Registro,71228,0,0,0,0,0,0,0,0,0,0.0,0,0,0.0,0,0,0.0,0,0,0.0,0,0,0.0,0,0,0.0,,,,,,,,,,,,,,,,,,,,,,,,
SP,Ilhabela,Tirar da analise,01/03/2023,SP-F-3520400-12100-20230219,12100 - Inundações,Registro,28176,0,0,0,0,0,0,0,0,0,0.0,0,0,0.0,0,0,0.0,0,0,0.0,0,0,0.0,0,0,0.0,,,,,,,,,,,,,,,,,,,,,,,,
SP,Ilhabela,Tirar da analise,19/02/2023,SP-F-3520400-13214-20230218,13214 - Tempestade Local/Convectiva - Chuvas Intensas,Reconhecido,28176,0,0,0,0,0,0,10000,0,0,0.0,0,0,0.0,0,0,0.0,0,0,0.0,0,0,0.0,5,0,600000.0,,,,,,,,,,,,,,,,,,,,,,,,
SP,Indiana,Tirar da analise,30/10/2023,SP-F-3520608-12100-20231028,12100 - Inundações,Registro,4828,0,0,0,0,0,0,0,0,0,0.0,0,0,0.0,0,0,0.0,0,0,0.0,0,0,0.0,1,0,150000.0,,,,,,,,,,,,,,,,,,,,,,,,
SP,Itaberá,Tirar da analise,09/02/2023,SP-F-3521705-12300-20230207,12300 - Alagamentos,Registro,17861,0,0,0,0,0,0,0,0,0,0.0,0,0,0.0,0,0,0.0,0,0,0.0,0,0,0.0,0,0,0.0,,,,,,,,,,,,,,,,,,,,,,,,
SP,Itaberá,Tirar da analise,09/02/2023,SP-F-3521705-12100-20230207,12100 - Inundações,Reconhecido,17861,0,0,0,0,0,0,8150,0,0,0.0,0,0,0.0,2,0,5000.0,0,0,0.0,0,0,0.0,2,0,222535.34,,,,,,,,,,,,,,,,,,,,,,,,
SP,Itapecerica da Serra,Tirar da analise,01/02/2024,SP-F-3522208-13214-20240112,13214 - Tempestade Local/Convectiva - Chuvas Intensas,Não reconhecido,152380,0,0,0,7,331,0,0,10,5,900000.0,1,0,120000.0,1,0,120000.0,0,0,0.0,0,1,200000.0,7,1,60000.0,,,,,,,,,,,,,,,,,,,,,,,,
SP,Itapecerica da Serra,Tirar da analise,10/02/2025,SP-F-3522208-13214-20250206,13214 - Tempestade Local/Convectiva - Chuvas Intensas,Reconhecido,152380,0,0,0,0,32,0,11520,305,10,5670000.0,0,0,0.0,0,0,0.0,0,0,0.0,0,0,0.0,3,0,3515000.0,,,,,,,,,,,,,,,,,,,,,,,,
SP,Itapecerica da Serra,Tirar da analise,10/02/2025,SP-F-3522208-13214-20250201,13214 - Tempestade Local/Convectiva - Chuvas Intensas,Registro,152380,0,0,0,0,32,0,0,0,0,0.0,0,0,0.0,0,0,0.0,0,0,0.0,0,0,0.0,0,0,0.0,,,,,,,,,,,,,,,,,,,,,,,,
SP,Itapeva,Tirar da analise,14/12/2020,SP-F-3522406-12300-20201213,12300 - Alagamentos,Registro,87765,0,0,0,0,0,0,0,0,0,0.0,0,0,0.0,0,0,0.0,0,0,0.0,0,0,0.0,0,0,0.0,,,,,,0.0,0.0,0.0,0.0,0.0,0.0,0.0,0.0,0.0,0.0,0.0,0.0,0.0,0.0,0.0,0.0,,,
SP,Itapeva,Tirar da analise,11/02/2021,SP-F-3522406-13214-20210211,13214 - Tempestade Local/Convectiva - Chuvas Intensas,Registro,87765,0,0,0,0,0,0,0,0,0,0.0,0,0,0.0,0,0,0.0,0,0,0.0,0,0,0.0,0,0,0.0,,,,,,0.0,0.0,0.0,0.0,0.0,0.0,0.0,0.0,0.0,0.0,0.0,0.0,0.0,0.0,0.0,0.0,,,
SP,Itapevi,Tirar da analise,21/02/2020,SP-F-3522505-12300-20200219,12300 - Alagamentos,Registro,200874,0,0,0,0,0,0,0,0,0,0.0,0,0,0.0,0,0,0.0,0,0,0.0,0,0,0.0,100,100,2000000.0,,,,,,0.0,0.0,0.0,0.0,0.0,0.0,0.0,0.0,0.0,0.0,0.0,0.0,0.0,0.0,0.0,0.0,,,
SP,Itapevi,Tirar da analise,22/02/2020,SP-F-3522505-12300-20200210,12300 - Alagamentos,Não reconhecido,200874,0,0,0,0,0,0,0,0,0,0.0,0,0,0.0,0,0,0.0,0,0,0.0,0,0,0.0,100,100,2000000.0,,,,,,0.0,0.0,0.0,0.0,0.0,0.0,0.0,0.0,0.0,0.0,0.0,0.0,0.0,0.0,0.0,0.0,,,
SP,Itápolis,Tirar da analise,27/01/2020,SP-F-3522703-12300-20200113,12300 - Alagamentos,Reconhecido,40064,0,3,0,0,3,0,18000,0,0,0.0,0,0,0.0,0,0,0.0,0,0,0.0,0,0,0.0,3,3,685000.0,,,,,,0.0,0.0,0.0,0.0,0.0,0.0,0.0,0.0,0.0,209025.7,0.0,0.0,0.0,0.0,0.0,0.0,,,
SP,Itaporanga,Tirar da analise,14/03/2023,SP-F-3522802-13214-20230310,13214 - Tempestade Local/Convectiva - Chuvas Intensas,Reconhecido,14546,0,0,0,0,0,0,2500,0,0,0.0,0,0,0.0,0,0,0.0,0,0,0.0,0,0,0.0,5,0,3000000.0,,,,,,,,,,,,,,,,,,,,,,,,
SP,Itaquaquecetuba,Tirar da analise,21/02/2020,SP-F-3523107-13214-20200210,13214 - Tempestade Local/Convectiva - Chuvas Intensas,Reconhecido,321854,0,0,0,28,223,0,549,2,0,416000.0,0,0,0.0,6,0,11810.45,0,0,0.0,0,0,0.0,9,2,8088078.62,,,DE 10% A 20%,,,2143.84,744.0,60000.0,130440.0,0.0,0.0,0.0,452.42,0.0,0.0,0.0,0.0,0.0,0.0,0.0,0.0,,,
SP,Itaquaquecetuba,Tirar da analise,10/02/2023,SP-F-3523107-13214-20230207,13214 - Tempestade Local/Convectiva - Chuvas Intensas,Reconhecido,321854,0,0,0,0,700,0,5340,0,0,0.0,21,0,390000.0,10,0,331289.2,1,0,20000.0,0,0,0.0,0,0,0.0,,,,,,,,,,,,,,,,,,,,,,,,
SP,Itaquaquecetuba,Tirar da analise,03/02/2025,SP-F-3523107-13214-20250203,13214 - Tempestade Local/Convectiva - Chuvas Intensas,Reconhecido,321854,0,0,32,102,1180,0,13854,0,1,80000.0,0,0,0.0,0,0,0.0,0,0,0.0,0,0,0.0,0,9,"2,27E+11",,,,,,,,,,,,,,,,,,,,,,,,
SP,Itaquaquecetuba,Tirar da analise,03/02/2025,SP-F-3523107-13214-20250131,13214 - Tempestade Local/Convectiva - Chuvas Intensas,Registro,321854,0,0,0,0,0,0,0,0,0,0.0,0,0,0.0,0,0,0.0,0,0,0.0,0,0,0.0,0,0,0.0,,,,,,,,,,,,,,,,,,,,,,,,
SP,Jacupiranga,Tirar da analise,06/12/2022,SP-F-3524600-13214-20221129,13214 - Tempestade Local/Convectiva - Chuvas Intensas,Reconhecido,17196,0,0,0,9,0,0,792,1,2,350000.0,1,0,100000.0,2,0,100000.0,1,0,100000.0,0,0,0.0,10,1,"1,40E+11",,,,,,0.0,0.0,1000000.0,200000.0,1000.0,0.0,0.0,0.0,0.0,0.0,0.0,8650000.0,0.0,0.0,0.0,0.0,,,
SP,Jales,Tirar da analise,19/12/2023,SP-F-3524808-13214-20231210,13214 - Tempestade Local/Convectiva - Chuvas Intensas,Registro,47012,0,0,0,0,15,0,0,6,0,60000.0,0,0,0.0,0,0,0.0,0,0,0.0,0,0,0.0,0,0,0.0,,,,,,,,,,,,,,,,,,,,,,,,
SP,Jaú,Tirar da analise,31/01/2022,SP-F-3525300-13214-20220130,13214 - Tempestade Local/Convectiva - Chuvas Intensas,Reconhecido,131068,1,157,97,1895,0,1,0,823,112,1.1E7,1,0,30000.0,2,0,80000.0,1,0,10000.0,10,0,1200000.0,20,0,2.0E7,DE 0% A 5%,,,DE 0% A 5%,,100000.0,200000.0,150000.0,3000000.0,500000.0,0.0,0.0,100000.0,100000.0,50000.0,80000.0,97000.0,5000.0,3626016.0,3323848.0,604336.0,,,
SP,João Ramalho,Tirar da analise,28/11/2023,SP-F-3525607-13214-20231121,13214 - Tempestade Local/Convectiva - Chuvas Intensas,Registro,4138,0,0,0,0,0,0,0,0,0,0.0,0,0,0.0,0,0,0.0,0,0,0.0,0,0,0.0,0,0,0.0,,,,,,,,,,,,,,,,,,,,,,,,
SP,José Bonifácio,Tirar da analise,04/02/2023,SP-F-3525706-13214-20230204,13214 - Tempestade Local/Convectiva - Chuvas Intensas,Reconhecido,32774,0,0,0,0,0,0,15000,0,0,0.0,0,0,0.0,0,0,0.0,0,0,0.0,0,0,0.0,4,5,7800000.0,,,,,,,,,,,,,,,,,,,,,,,,
SP,Laranjal Paulista,Tirar da analise,17/02/2020,SP-F-3526407-13214-20200209,13214 - Tempestade Local/Convectiva - Chuvas Intensas,Reconhecido,25246,0,0,0,0,20,0,1500,0,0,0.0,0,0,0.0,1,0,31134.76,0,0,0.0,0,0,0.0,10,4,2443500.0,DE 0% A 5%,,,,,0.0,0.0,131500.0,0.0,0.0,0.0,0.0,0.0,0.0,300.0,31134.0,10000.0,10000.0,5000.0,0.0,0.0,,,
SP,Limeira,Tirar da analise,12/05/2023,SP-F-3526902-12300-20230414,12300 - Alagamentos,Registro,276010,0,0,0,0,0,0,0,0,0,0.0,0,0,0.0,0,0,0.0,0,0,0.0,0,0,0.0,0,0,0.0,,,,,,,,,,,,,,,,,,,,,,,,
SP,Limeira,Tirar da analise,12/05/2023,SP-F-3526902-12300-20230218,12300 - Alagamentos,Registro,276010,0,0,0,0,10,0,0,0,0,20000.0,0,0,0.0,0,0,0.0,0,0,0.0,0,0,100000.0,0,0,2.0E7,,,,,,,,,,,,,,,,,,,,,,,,
SP,Lins,Tirar da analise,12/01/2023,SP-F-3527108-13214-20230110,13214 - Tempestade Local/Convectiva - Chuvas Intensas,Reconhecido,71493,0,1,0,0,7,0,32080,0,0,0.0,0,0,0.0,0,0,0.0,0,0,0.0,0,0,0.0,13,5,"3,37E+16",,,,,,,,,,,,,,,,,,,,,,,,
SP,Maracaí,Tirar da analise,08/02/2021,SP-F-3528809-13214-20210131,13214 - Tempestade Local/Convectiva - Chuvas Intensas,Reconhecido,13344,0,0,0,12,129,0,155,10,0,110000.0,1,0,300000.0,1,0,350000.0,1,0,250000.0,0,1,10000.0,2,2,600000.0,,,,,,300000.0,0.0,0.0,0.0,0.0,0.0,0.0,0.0,0.0,0.0,350000.0,0.0,0.0,0.0,0.0,0.0,,,
SP,Maracaí,Tirar da analise,01/02/2022,SP-F-3528809-13214-20220129,13214 - Tempestade Local/Convectiva - Chuvas Intensas,Não reconhecido,13344,0,0,0,0,29,0,69,0,0,0.0,0,0,0.0,0,0,0.0,0,0,0.0,1,1,750000.0,0,0,0.0,,,,,,0.0,0.0,0.0,4445.59,0.0,0.0,0.0,0.0,0.0,0.0,0.0,0.0,0.0,0.0,0.0,0.0,,,
SP,Mauá,Tirar da analise,23/02/2023,SP-F-3529401-13214-20230222,13214 - Tempestade Local/Convectiva - Chuvas Intensas,Reconhecido,417281,1,4,0,5,200,0,3000,0,0,0.0,0,0,0.0,0,0,0.0,0,0,0.0,0,0,0.0,8,10,"2,52E+16",,,,,,,,,,,,,,,,,,,,,,,,
SP,Mirandópolis,Tirar da analise,28/12/2023,SP-F-3530102-12200-20231223,12200 - Enxurradas,Reconhecido,27475,0,0,0,0,0,0,3841,0,0,0.0,0,0,0.0,0,0,0.0,0,0,0.0,0,0,0.0,0,1,1300000.0,,,,,,,,,,,,,,,,,,,,,,,,
SP,Mirante do Paranapanema,Tirar da analise,27/02/2020,SP-F-3530201-13214-20200226,13214 - Tempestade Local/Convectiva - Chuvas Intensas,Reconhecido,17064,0,0,0,0,0,0,700,0,0,0.0,0,0,0.0,0,0,0.0,0,0,0.0,0,0,0.0,1,0,1970793.36,,,,,,0.0,0.0,0.0,0.0,0.0,0.0,0.0,6384.0,0.0,0.0,0.0,0.0,0.0,0.0,0.0,0.0,,,
SP,Mogi das Cruzes,Tirar da analise,09/02/2023,SP-F-3530607-13214-20230203,13214 - Tempestade Local/Convectiva - Chuvas Intensas,Reconhecido,387241,0,0,0,30,2350,0,67830,800,0,3200000.0,0,0,0.0,0,0,0.0,0,0,0.0,0,0,0.0,15,0,6928659.45,,,,,,,,,,,,,,,,,,,,,,,,
SP,Mombuca,Tirar da analise,02/02/2022,SP-F-3530904-13214-20220130,13214 - Tempestade Local/Convectiva - Chuvas Intensas,Reconhecido,3266,0,0,0,0,60,0,30,20,0,31500.0,0,0,0.0,0,0,0.0,0,0,0.0,0,0,0.0,43,0,3100000.0,,,,,,0.0,0.0,300000.0,0.0,0.0,0.0,0.0,2800000.0,0.0,0.0,0.0,300000.0,300000.0,0.0,0.0,0.0,,,
SP,Mombuca,Tirar da analise,24/01/2023,SP-F-3530904-13214-20230121,13214 - Tempestade Local/Convectiva - Chuvas Intensas,Reconhecido,3266,0,0,0,0,0,0,790,0,0,0.0,0,0,0.0,0,0,0.0,0,0,0.0,0,0,0.0,8,2,4500000.0,,,,,,,,,,,,,,,,,,,,,,,,
SP,Mongaguá,Tirar da analise,09/03/2020,SP-F-3531100-12300-20200302,12300 - Alagamentos,Registro,46310,0,0,0,131,271,0,0,0,0,0.0,0,0,0.0,0,0,0.0,0,0,0.0,0,0,0.0,0,0,0.0,MAIS DE 20%,,,,,0.0,0.0,0.0,0.0,0.0,100000.0,0.0,0.0,0.0,0.0,0.0,0.0,0.0,0.0,0.0,0.0,,,
SP,Mongaguá,Tirar da analise,12/03/2024,SP-F-3531100-13214-20240307,13214 - Tempestade Local/Convectiva - Chuvas Intensas,Reconhecido,46310,0,0,0,136,182,0,61633,103,0,3090000.0,4,0,440000.0,1,0,180000.0,2,0,280000.0,5,0,2819000.0,1,0,140000.0,,,,,,,,,,,,,,,,,,,,,,,,
SP,Monte Mor,Tirar da analise,29/12/2022,SP-F-3531803-13214-20221228,13214 - Tempestade Local/Convectiva - Chuvas Intensas,Reconhecido,48971,0,0,0,240,1200,0,58332,303,3,180000.0,1,0,150000.0,3,0,0.0,1,0,10000.0,1,0,100000.0,28,3,"1,76E+11",,,,,,0.0,0.0,0.0,2000000.0,0.0,0.0,0.0,500000.0,0.0,0.0,0.0,500000.0,0.0,500000.0,500000.0,500000.0,,,
SP,Monte Mor,Tirar da analise,31/01/2022,SP-F-3531803-13214-20220131,13214 - Tempestade Local/Convectiva - Chuvas Intensas,Reconhecido,48971,0,0,0,20,150,0,10000,200,0,500000.0,0,0,0.0,0,0,0.0,0,0,0.0,0,0,0.0,5,1,8500000.0,,,,,,0.0,0.0,0.0,1500000.0,0.0,0.0,0.0,500000.0,0.0,0.0,0.0,0.0,0.0,0.0,0.0,0.0,,,
SP,Monte Mor,Tirar da analise,31/01/2022,SP-F-3531803-12300-20220130,12300 - Alagamentos,Registro,48971,0,0,0,20,150,0,10000,200,0,2000000.0,0,0,0.0,0,0,0.0,1,0,50000.0,8,3,150000.0,5,1,6000000.0,,,,,,0.0,0.0,0.0,1500000.0,0.0,0.0,0.0,200000.0,0.0,0.0,0.0,0.0,0.0,0.0,0.0,0.0,,,
SP,Monte Mor,Tirar da analise,31/01/2022,SP-F-3531803-12200-20220130,12200 - Enxurradas,Registro,48971,0,0,0,20,150,0,0,100,0,500000.0,0,0,0.0,0,0,0.0,0,0,0.0,8,1,1000000.0,5,1,4500000.0,,,,,,0.0,0.0,0.0,1500000.0,0.0,0.0,0.0,200000.0,0.0,0.0,0.0,0.0,0.0,0.0,0.0,0.0,,,
SP,Monte Mor,Tirar da analise,27/12/2024,SP-F-3531803-13214-20241226,13214 - Tempestade Local/Convectiva - Chuvas Intensas,Reconhecido,48971,0,0,0,160,240,0,5000,0,0,0.0,0,0,0.0,0,0,0.0,0,0,0.0,0,0,0.0,5,0,5000000.0,,,,,,,,,,,,,,,,,,,,,,,,
SP,Monteiro Lobato,Tirar da analise,02/02/2023,SP-F-3531704-13214-20230124,13214 - Tempestade Local/Convectiva - Chuvas Intensas,Reconhecido,4123,0,0,0,1,0,0,173,60,0,300000.0,0,0,0.0,0,0,0.0,0,0,0.0,0,0,0.0,5,0,5550000.0,,,,,,,,,,,,,,,,,,,,,,,,
SP,Monteiro Lobato,Tirar da analise,05/03/2024,SP-F-3531704-13214-20240301,13214 - Tempestade Local/Convectiva - Chuvas Intensas,Reconhecido,4123,0,1,0,0,800,0,250,0,0,0.0,0,0,0.0,0,0,0.0,0,0,0.0,0,0,0.0,3,3,1.06E7,,,,,,,,,,,,,,,,,,,,,,,,
SP,Morro Agudo,Tirar da analise,02/02/2023,SP-F-3531902-13214-20230127,13214 - Tempestade Local/Convectiva - Chuvas Intensas,Reconhecido,29127,0,0,0,0,3,0,3960,0,1,200000.0,0,0,0.0,0,0,0.0,0,0,0.0,0,0,0.0,4,0,950000.0,,,,,,,,,,,,,,,,,,,,,,,,
SP,Morro Agudo,Tirar da analise,02/02/2023,SP-F-3531902-13214-20230124,13214 - Tempestade Local/Convectiva - Chuvas Intensas,Registro,29127,0,0,0,0,0,0,0,0,0,0.0,0,0,0.0,0,0,0.0,0,0,0.0,0,0,0.0,0,0,0.0,,,,,,,,,,,,,,,,,,,,,,,,
SP,Morungaba,Tirar da analise,06/01/2023,SP-F-3532009-12200-20230104,12200 - Enxurradas,Reconhecido,11775,0,0,0,0,0,0,240,1,0,12000.0,0,0,0.0,0,0,0.0,0,0,0.0,0,0,0.0,3,1,753000.0,,,,,,,,,,,,,,,,,,,,,,,,
SP,Natividade da Serra,Tirar da analise,23/02/2023,SP-F-3532306-13214-20230219,13214 - Tempestade Local/Convectiva - Chuvas Intensas,Reconhecido,6681,0,1,0,2,7,0,3000,16,1,2380000.0,0,0,0.0,1,0,45000.0,0,0,0.0,0,0,0.0,3,17,"1,46E+16",,,,,,,,,,,,,,,,,,,,,,,,
SP,Nazaré Paulista,Tirar da analise,05/05/2025,SP-F-3532405-12200-20250318,12200 - Enxurradas,Registro,16413,0,0,0,0,0,0,0,0,0,0.0,0,0,0.0,0,0,0.0,0,0,0.0,0,0,0.0,0,0,0.0,,,,,,,,,,,,,,,,,,,,,,,,
SP,Novo Horizonte,Tirar da analise,26/12/2024,SP-F-3533502-13214-20241221,13214 - Tempestade Local/Convectiva - Chuvas Intensas,Registro,36612,0,0,0,0,0,0,0,1,0,20000.0,0,0,0.0,0,0,0.0,0,0,0.0,0,0,0.0,3,0,15000.0,,,,,,,,,,,,,,,,,,,,,,,,
SP,Osasco,Tirar da analise,18/02/2020,SP-F-3534401-13214-20200210,13214 - Tempestade Local/Convectiva - Chuvas Intensas,Reconhecido,666469,1,2,0,53,1424,0,499000,112,317,4118400.0,0,0,0.0,4,0,228040.0,0,0,0.0,0,0,0.0,12,0,"4,19E+17",,,,,,0.0,0.0,1386115.65,209497.0,0.0,0.0,0.0,188630.0,0.0,198600.0,0.0,0.0,0.0,0.0,0.0,0.0,,,
SP,Osasco,Tirar da analise,09/02/2023,SP-F-3534401-12100-20230207,12100 - Inundações,Registro,666469,1,0,0,0,0,0,1000,0,0,0.0,0,0,0.0,0,0,0.0,0,0,0.0,0,0,0.0,0,0,0.0,,,,,,,,,,,,,,,,,,,,,,,,
SP,Osasco,Tirar da analise,06/03/2024,SP-F-3534401-13214-20240305,13214 - Tempestade Local/Convectiva - Chuvas Intensas,Registro,666469,0,0,0,0,97,0,0,25,0,0.0,0,0,0.0,1,0,0.0,0,0,0.0,0,0,0.0,0,0,0.0,,,,,,,,,,,,,,,,,,,,,,,,
SP,Osasco,Tirar da analise,19/01/2024,SP-F-3534401-13214-20240118,13214 - Tempestade Local/Convectiva - Chuvas Intensas,Registro,666469,0,1,0,0,0,0,0,0,0,0.0,0,0,0.0,0,0,0.0,0,0,0.0,0,0,0.0,0,0,0.0,,,,,,,,,,,,,,,,,,,,,,,,
SP,Osasco,Tirar da analise,06/02/2025,SP-F-3534401-12100-20250202,12100 - Inundações,Registro,666469,0,0,0,0,10,0,486,161,0,0.0,0,0,0.0,0,0,0.0,0,0,0.0,0,0,0.0,0,0,0.0,,,,,,,,,,,,,,,,,,,,,,,,
SP,Osvaldo Cruz,Tirar da analise,04/02/2022,SP-F-3534609-13214-20220130,13214 - Tempestade Local/Convectiva - Chuvas Intensas,Reconhecido,30917,0,0,0,0,6,0,300,2,0,450000.0,0,0,0.0,0,0,0.0,0,0,0.0,0,0,0.0,6,4,5945000.0,,,,,,0.0,0.0,0.0,31942.24,0.0,0.0,0.0,0.0,0.0,0.0,0.0,0.0,0.0,0.0,0.0,0.0,,,
SP,Osvaldo Cruz,Tirar da analise,08/08/2025,SP-F-3534609-12300-20250730,12300 - Alagamentos,Não reconhecido,30917,0,0,0,0,0,0,20,0,0,0.0,0,0,0.0,0,0,0.0,0,0,0.0,0,0,0.0,0,0,0.0,,,,,,,,,,,,,,,,,,,,,,,,
SP,Osvaldo Cruz,Tirar da analise,28/07/2025,SP-F-3534609-12300-20250204,12300 - Alagamentos,Não reconhecido,30917,0,0,0,0,20,0,0,4,0,0.0,0,0,0.0,0,0,0.0,0,0,0.0,0,0,0.0,0,0,0.0,,,,,,,,,,,,,,,,,,,,,,,,
SP,Ouro Verde,Tirar da analise,13/03/2023,SP-F-3534807-13214-20230311,13214 - Tempestade Local/Convectiva - Chuvas Intensas,Reconhecido,7794,0,0,0,0,2,0,8674,0,0,0.0,0,0,0.0,0,0,0.0,0,0,0.0,0,0,0.0,139,0,"1,54E+16",,,,,,,,,,,,,,,,,,,,,,,,
SP,Pacaembu,Tirar da analise,03/03/2023,SP-F-3534906-13214-20230301,13214 - Tempestade Local/Convectiva - Chuvas Intensas,Reconhecido,12934,0,1,0,0,12,0,593,2,0,10000.0,0,0,0.0,0,0,0.0,0,0,0.0,0,0,0.0,6,1,1108000.0,,,,,,,,,,,,,,,,,,,,,,,,
SP,Pacaembu,Tirar da analise,19/01/2023,SP-F-3534906-12300-20230119,12300 - Alagamentos,Registro,12934,0,0,0,0,28,0,0,6,0,1700.0,0,0,0.0,0,0,0.0,0,0,0.0,0,0,0.0,0,0,0.0,,,,,,,,,,,,,,,,,,,,,,,,
SP,Paraibuna,Tirar da analise,06/02/2023,SP-F-3535606-13214-20230206,13214 - Tempestade Local/Convectiva - Chuvas Intensas,Reconhecido,17384,0,0,0,0,3,0,720,3,0,220000.0,0,0,0.0,0,0,0.0,0,0,0.0,1,0,350000.0,5,1,3920000.0,,,,,,,,,,,,,,,,,,,,,,,,
SP,Paraibuna,Tirar da analise,06/02/2023,SP-F-3535606-13214-20230204,13214 - Tempestade Local/Convectiva - Chuvas Intensas,Registro,17384,0,0,0,0,0,0,0,0,0,0.0,0,0,0.0,0,0,0.0,0,0,0.0,0,0,0.0,0,0,0.0,,,,,,,,,,,,,,,,,,,,,,,,
SP,Paraibuna,Tirar da analise,25/02/2024,SP-F-3535606-13214-20240224,13214 - Tempestade Local/Convectiva - Chuvas Intensas,Reconhecido,17384,0,0,0,0,11,0,2989,4,1,1500000.0,0,0,0.0,0,0,0.0,0,0,0.0,1,0,450000.0,7,3,5720000.0,,,,,,,,,,,,,,,,,,,,,,,,
SP,Pardinho,Tirar da analise,17/02/2023,SP-F-3536109-13214-20230212,13214 - Tempestade Local/Convectiva - Chuvas Intensas,Reconhecido,5582,0,0,0,0,0,0,450,0,0,0.0,0,0,0.0,1,0,150000.0,0,0,0.0,0,0,0.0,4,0,1200000.0,,,,,,,,,,,,,,,,,,,,,,,,
SP,Pariquera-Açu,Tirar da analise,12/02/2025,SP-F-3536208-13214-20250208,13214 - Tempestade Local/Convectiva - Chuvas Intensas,Reconhecido,18453,0,15,48,0,1103,0,6434,1900,0,9000000.0,3,0,1300000.0,1,0,500000.0,1,0,100000.0,1,0,200000.0,3,0,1200000.0,,,,,,,,,,,,,,,,,,,,,,,,
SP,Pederneiras,Tirar da analise,18/10/2021,SP-F-3536703-13214-20211015,13214 - Tempestade Local/Convectiva - Chuvas Intensas,Registro,41530,0,0,0,0,4,0,44,0,1,96000.0,0,0,0.0,0,0,0.0,0,0,0.0,0,0,0.0,0,0,10000.0,,,,,,0.0,0.0,0.0,0.0,0.0,12000.0,0.0,0.0,0.0,0.0,0.0,0.0,0.0,0.0,0.0,0.0,,,
SP,Peruíbe,Tirar da analise,20/01/2021,SP-F-3537602-13214-20210118,13214 - Tempestade Local/Convectiva - Chuvas Intensas,Reconhecido,59793,0,0,0,180,461,0,33000,6,0,300000.0,0,0,0.0,0,0,0.0,0,0,0.0,0,0,0.0,25,0,"2,31E+11",,,,DE 0% A 5%,,0.0,0.0,"1,08E+11",0.0,0.0,0.0,0.0,"1,23E+10",0.0,0.0,0.0,0.0,0.0,0.0,0.0,0.0,,,
SP,Peruíbe,Tirar da analise,10/01/2025,SP-F-3537602-13214-20250108,13214 - Tempestade Local/Convectiva - Chuvas Intensas,Reconhecido,59793,0,0,0,463,1000,0,33000,2,0,60000.0,0,0,0.0,0,0,0.0,0,0,0.0,0,0,0.0,0,0,0.0,,,,,,,,,,,,,,,,,,,,,,,,
SP,Piedade,Tirar da analise,22/02/2023,SP-F-3537800-13214-20230216,13214 - Tempestade Local/Convectiva - Chuvas Intensas,Reconhecido,52214,0,0,0,0,25,0,3700,13,0,1680000.0,0,0,0.0,0,0,0.0,0,0,0.0,0,0,0.0,6,0,2310000.0,,,,,,,,,,,,,,,,,,,,,,,,
SP,Piracaia,Tirar da analise,03/02/2023,SP-F-3538600-13214-20230202,13214 - Tempestade Local/Convectiva - Chuvas Intensas,Reconhecido,25139,0,0,0,3,427,0,15000,20,0,100000.0,0,0,0.0,1,0,10000.0,0,0,0.0,0,0,0.0,6,0,1700000.0,,,,,,,,,,,,,,,,,,,,,,,,
SP,Pirapora do Bom Jesus,Tirar da analise,18/02/2020,SP-F-3539103-13214-20200210,13214 - Tempestade Local/Convectiva - Chuvas Intensas,Reconhecido,15727,0,1,1,0,9,0,8189,0,3,50000.0,0,0,0.0,0,0,0.0,0,0,0.0,0,0,0.0,0,2,1177827.05,,,,,,0.0,0.0,0.0,18200.0,0.0,0.0,0.0,0.0,0.0,0.0,0.0,0.0,0.0,0.0,0.0,0.0,,,
SP,Pirassununga,Tirar da analise,13/10/2021,SP-F-3539301-13214-20211009,13214 - Tempestade Local/Convectiva - Chuvas Intensas,Reconhecido,70138,0,0,0,0,0,0,10000,80,0,0.0,20,0,3250000.0,29,0,5628000.0,8,0,2440000.0,8,0,310000.0,0,0,0.0,,,,,,0.0,0.0,0.0,0.0,0.0,0.0,0.0,0.0,0.0,0.0,0.0,100000.0,0.0,0.0,0.0,0.0,,,
SP,Poá,Tirar da analise,07/02/2025,SP-F-3539806-13214-20250202,13214 - Tempestade Local/Convectiva - Chuvas Intensas,Reconhecido,106033,0,0,0,0,39,0,73991,0,0,0.0,2,0,110000.0,1,0,50000.0,0,0,0.0,1,0,180000.0,18,3,648000.0,,,,,,,,,,,,,,,,,,,,,,,,
SP,Poá,Tirar da analise,04/02/2025,SP-F-3539806-13214-20250201,13214 - Tempestade Local/Convectiva - Chuvas Intensas,Registro,106033,0,0,0,0,0,0,0,0,0,0.0,0,0,0.0,0,0,0.0,0,0,0.0,0,0,0.0,0,0,0.0,,,,,,,,,,,,,,,,,,,,,,,,
SP,Poá,Tirar da analise,03/02/2025,SP-F-3539806-12100-20250201,12100 - Inundações,Registro,106033,0,0,0,1,100,0,0,36,0,0.0,0,0,0.0,0,0,0.0,3,0,0.0,8,0,0.0,1,0,0.0,,,,,,,,,,,,,,,,,,,,,,,,
SP,Porto Ferreira,Tirar da analise,13/01/2021,SP-F-3540705-13214-20201205,13214 - Tempestade Local/Convectiva - Chuvas Intensas,Registro,51407,0,0,0,0,6,0,0,12,0,0.0,1,0,0.0,0,0,0.0,3,0,0.0,1,0,0.0,1,0,0.0,,,,,,0.0,0.0,0.0,0.0,0.0,0.0,0.0,0.0,0.0,0.0,0.0,0.0,0.0,0.0,0.0,0.0,,,
SP,Porto Ferreira,Tirar da analise,01/03/2021,SP-F-3540705-13214-20210227,13214 - Tempestade Local/Convectiva - Chuvas Intensas,Registro,51407,0,0,0,0,2,0,0,2,0,20000.0,0,0,0.0,0,0,0.0,1,0,1000.0,0,0,0.0,0,0,0.0,,,,,,0.0,0.0,0.0,0.0,0.0,0.0,0.0,0.0,0.0,0.0,0.0,0.0,0.0,0.0,0.0,0.0,,,
SP,Porto Ferreira,Tirar da analise,26/01/2023,SP-F-3540705-13214-20221228,13214 - Tempestade Local/Convectiva - Chuvas Intensas,Registro,51407,0,0,0,40,0,0,0,40,0,0.0,0,0,0.0,0,0,0.0,0,0,0.0,0,0,0.0,6,0,0.0,,,,,,0.0,0.0,0.0,0.0,0.0,0.0,0.0,0.0,0.0,0.0,0.0,0.0,0.0,0.0,0.0,0.0,,,
SP,Porto Ferreira,Tirar da analise,11/10/2023,SP-F-3540705-12300-20231001,12300 - Alagamentos,Registro,51407,0,0,0,0,0,0,0,0,0,0.0,0,0,0.0,0,0,0.0,0,0,0.0,0,0,0.0,0,0,0.0,,,,,,,,,,,,,,,,,,,,,,,,
SP,Porto Ferreira,Tirar da analise,31/01/2023,SP-F-3540705-13214-20230126,13214 - Tempestade Local/Convectiva - Chuvas Intensas,Reconhecido,51407,2,0,0,120,12,0,43581,0,0,0.0,0,0,0.0,0,0,0.0,0,0,0.0,0,0,0.0,6,1,"1,36E+16",,,,,,,,,,,,,,,,,,,,,,,,
SP,Porto Ferreira,Tirar da analise,26/01/2023,SP-F-3540705-13214-20230122,13214 - Tempestade Local/Convectiva - Chuvas Intensas,Registro,51407,0,0,0,0,12,0,0,3,0,0.0,0,0,0.0,0,0,0.0,0,0,0.0,0,0,0.0,0,0,0.0,,,,,,,,,,,,,,,,,,,,,,,,
SP,Porto Ferreira,Tirar da analise,26/01/2023,SP-F-3540705-13214-20230115,13214 - Tempestade Local/Convectiva - Chuvas Intensas,Registro,51407,2,0,0,0,0,0,0,0,0,0.0,0,0,0.0,0,0,0.0,0,0,0.0,0,0,0.0,0,0,0.0,,,,,,,,,,,,,,,,,,,,,,,,
SP,Potirendaba,Tirar da analise,22/03/2024,SP-F-3540804-13214-20240319,13214 - Tempestade Local/Convectiva - Chuvas Intensas,Reconhecido,15453,0,2,0,0,13,0,15796,34,0,40000.0,1,0,15000.0,2,0,25000.0,1,0,15000.0,3,0,20000.0,5,0,7800000.0,,,,,,,,,,,,,,,,,,,,,,,,
SP,Presidente Epitácio,Tirar da analise,14/07/2025,SP-F-3541307-12300-20250220,12300 - Alagamentos,Não reconhecido,41324,0,15,50,5,25,0,0,15,1,750000.0,0,0,0.0,1,0,500000.0,0,0,0.0,0,0,0.0,3,0,500000.0,,,,,,,,,,,,,,,,,,,,,,,,
SP,Presidente Venceslau,Tirar da analise,09/02/2022,SP-F-3541505-13214-20220130,13214 - Tempestade Local/Convectiva - Chuvas Intensas,Não reconhecido,37915,0,0,0,0,0,0,10000,90,0,50000.0,1,0,5000.0,0,0,0.0,0,0,0.0,0,0,0.0,3,0,605000.0,,,,,,0.0,10000.0,10000.0,0.0,0.0,0.0,0.0,660000.0,0.0,0.0,0.0,1000000.0,1000000.0,0.0,0.0,0.0,,,
SP,Quatá,Tirar da analise,16/03/2022,SP-F-3541703-13214-20220313,13214 - Tempestade Local/Convectiva - Chuvas Intensas,Reconhecido,12828,0,0,0,0,0,0,12828,0,0,0.0,0,0,0.0,0,0,0.0,0,0,0.0,0,0,0.0,3,2,9750000.0,,,,DE 5% A 10%,,0.0,0.0,0.0,0.0,0.0,0.0,0.0,122940.0,0.0,0.0,0.0,"4,78E+12",0.0,0.0,0.0,0.0,,,
SP,Rafard,Tirar da analise,30/12/2022,SP-F-3542107-13214-20221228,13214 - Tempestade Local/Convectiva - Chuvas Intensas,Reconhecido,8624,0,0,0,124,316,0,0,0,0,0.0,0,0,0.0,0,0,0.0,0,0,0.0,0,0,0.0,2,0,900000.0,,,,,,0.0,0.0,0.0,80000.0,0.0,0.0,0.0,0.0,0.0,0.0,0.0,200000.0,0.0,0.0,0.0,0.0,,,
SP,Rafard,Tirar da analise,04/02/2022,SP-F-3542107-13214-20220130,13214 - Tempestade Local/Convectiva - Chuvas Intensas,Reconhecido,8624,0,0,0,200,200,0,0,0,0,0.0,0,0,0.0,0,0,0.0,0,0,0.0,0,0,0.0,5,0,882247.0,,,,,,0.0,0.0,0.0,63560.0,0.0,0.0,0.0,0.0,0.0,0.0,0.0,0.0,0.0,0.0,0.0,0.0,,,
SP,Rafard,Tirar da analise,04/02/2022,SP-F-3542107-12300-20220130,12300 - Alagamentos,Registro,8624,0,0,0,7,93,0,0,100,0,0.0,0,0,0.0,0,0,0.0,0,0,0.0,0,0,0.0,0,0,0.0,DE 0% A 5%,,,,,0.0,0.0,0.0,0.0,0.0,0.0,0.0,0.0,0.0,0.0,0.0,0.0,0.0,0.0,0.0,0.0,,,
SP,Rafard,Tirar da analise,31/12/2024,SP-F-3542107-12100-20241229,12100 - Inundações,Reconhecido,8624,0,0,0,60,50,0,560,6,0,600000.0,0,0,0.0,0,0,0.0,0,0,0.0,0,0,0.0,0,1,150000.0,,,,,,,,,,,,,,,,,,,,,,,,
SP,Rafard,Tirar da analise,05/02/2025,SP-F-3542107-12100-20250203,12100 - Inundações,Registro,8624,0,0,0,150,50,0,0,34,0,0.0,0,0,0.0,0,0,0.0,0,0,0.0,0,0,0.0,0,0,0.0,,,,,,,,,,,,,,,,,,,,,,,,
SP,Ribeira,Tirar da analise,07/11/2023,SP-F-3542800-13214-20231029,13214 - Tempestade Local/Convectiva - Chuvas Intensas,Reconhecido,3358,0,0,0,120,120,0,1600,0,0,0.0,0,0,0.0,1,0,100000.0,0,0,0.0,0,0,0.0,5,0,500000.0,,,,,,,,,,,,,,,,,,,,,,,,
SP,Ribeira,Tirar da analise,25/02/2025,SP-F-3542800-13214-20250218,13214 - Tempestade Local/Convectiva - Chuvas Intensas,Reconhecido,3358,0,0,0,0,0,0,756,0,0,0.0,0,0,0.0,0,0,0.0,0,0,0.0,0,0,0.0,0,12,1200000.0,,,,,,,,,,,,,,,,,,,,,,,,
SP,Ribeirão Pires,Tirar da analise,06/02/2025,SP-F-3543303-13214-20250204,13214 - Tempestade Local/Convectiva - Chuvas Intensas,Reconhecido,113043,0,0,0,0,8,0,26010,3,0,145475.0,0,0,0.0,1,0,510000.0,0,0,0.0,3,0,369358.0,5,0,9154465.0,,,,,,,,,,,,,,,,,,,,,,,,
SP,Rio Claro,Tirar da analise,10/06/2020,SP-F-3543907-13214-20200609,13214 - Tempestade Local/Convectiva - Chuvas Intensas,Registro,186299,0,0,0,0,0,0,0,0,0,0.0,0,0,0.0,0,0,0.0,0,0,0.0,0,0,0.0,0,0,0.0,,,,,,0.0,0.0,0.0,0.0,0.0,0.0,0.0,0.0,0.0,0.0,0.0,0.0,0.0,0.0,0.0,0.0,,,
SP,Rio Claro,Tirar da analise,19/02/2020,SP-F-3543907-13214-20200218,13214 - Tempestade Local/Convectiva - Chuvas Intensas,Registro,186299,0,0,0,0,0,0,0,0,0,0.0,0,0,0.0,0,0,0.0,0,0,0.0,0,0,0.0,0,0,0.0,,,,,,0.0,0.0,0.0,0.0,0.0,0.0,0.0,0.0,0.0,0.0,0.0,0.0,0.0,0.0,0.0,0.0,,,
SP,Rio Claro,Tirar da analise,13/03/2023,SP-F-3543907-13214-20230310,13214 - Tempestade Local/Convectiva - Chuvas Intensas,Reconhecido,186299,0,1,0,0,40,0,120000,5,0,498600.0,5,0,1265000.0,16,0,2525000.0,2,0,514232.14,0,0,0.0,5,1,"5,71E+16",,,,,,,,,,,,,,,,,,,,,,,,
SP,Salto,Tirar da analise,07/02/2020,SP-F-3545209-13214-20200203,13214 - Tempestade Local/Convectiva - Chuvas Intensas,Reconhecido,105569,0,0,0,0,0,0,71000,0,0,0.0,0,0,0.0,0,0,0.0,1,0,200000.0,0,0,0.0,3,0,1800000.0,,,DE 5% A 10%,,,0.0,200000.0,500000.0,300000.0,0.0,0.0,0.0,0.0,0.0,500000.0,200000.0,200000.0,0.0,0.0,0.0,0.0,,,
SP,Santa Bárbara D`Oeste,Tirar da analise,07/02/2025,SP-F-3545803-12300-20250203,12300 - Alagamentos,Reconhecido,180148,0,0,0,3,812,0,0,203,0,0.0,0,0,0.0,2,0,0.0,2,0,4200000.0,0,0,0.0,9,0,4400000.0,,,,,,,,,,,,,,,,,,,,,,,,
SP,Santa Cruz da Esperança,Tirar da analise,12/02/2020,SP-F-3546256-13214-20200205,13214 - Tempestade Local/Convectiva - Chuvas Intensas,Não reconhecido,1953,0,0,0,0,0,0,200,0,0,0.0,0,0,0.0,0,0,0.0,0,0,0.0,0,0,0.0,0,1,350000.0,,,,,,5000.0,3000.0,0.0,0.0,0.0,4000.0,0.0,5000.0,0.0,0.0,5000.0,20000.0,28000.0,0.0,0.0,30000.0,,,
SP,Santa Isabel,Tirar da analise,01/02/2022,SP-F-3546801-12200-20220130,12200 - Enxurradas,Registro,50464,0,0,0,0,300,0,50,0,0,0.0,0,0,0.0,0,0,0.0,0,0,0.0,0,0,50000.0,0,0,1000000.0,DE 5% A 10%,,DE 5% A 10%,,,100000.0,200000.0,300000.0,300000.0,0.0,0.0,0.0,200000.0,0.0,0.0,0.0,0.0,0.0,0.0,200000.0,0.0,,,
SP,Santa Isabel,Tirar da analise,01/02/2022,SP-F-3546801-13214-20220130,13214 - Tempestade Local/Convectiva - Chuvas Intensas,Reconhecido,50464,0,0,0,0,300,0,50,0,0,0.0,0,0,0.0,0,0,0.0,0,0,0.0,0,0,50000.0,0,0,1000000.0,DE 5% A 10%,,DE 5% A 10%,,,100000.0,200000.0,300000.0,300000.0,0.0,0.0,0.0,200000.0,0.0,0.0,0.0,0.0,0.0,0.0,200000.0,0.0,,,
SP,Santa Isabel,Tirar da analise,23/02/2024,SP-F-3546801-13214-20240222,13214 - Tempestade Local/Convectiva - Chuvas Intensas,Reconhecido,50464,0,0,0,0,0,0,5014,50,0,1.0E7,0,0,0.0,0,0,0.0,0,0,0.0,0,0,0.0,2,0,360000.0,,,,,,,,,,,,,,,,,,,,,,,,
SP,Santa Maria da Serra,Tirar da analise,09/02/2022,SP-F-3547007-13214-20220130,13214 - Tempestade Local/Convectiva - Chuvas Intensas,Reconhecido,5418,0,0,0,0,0,0,5418,0,0,0.0,0,0,0.0,0,0,0.0,0,0,0.0,0,2,330000.0,0,6,1570000.0,,,,,,0.0,0.0,600000.0,0.0,0.0,0.0,0.0,970000.0,0.0,0.0,0.0,500000.0,500000.0,0.0,100000.0,700000.0,,,
SP,Santa Maria da Serra,Tirar da analise,26/12/2024,SP-F-3547007-13214-20241221,13214 - Tempestade Local/Convectiva - Chuvas Intensas,Reconhecido,5418,0,0,0,0,0,0,5314,0,0,0.0,0,0,0.0,0,0,0.0,0,0,0.0,0,0,0.0,2,2,1880000.0,,,,,,,,,,,,,,,,,,,,,,,,
SP,Santos,Tirar da analise,04/03/2020,SP-F-3548500-13214-20200302,13214 - Tempestade Local/Convectiva - Chuvas Intensas,Reconhecido,419757,8,10,0,214,984,0,418541,255,230,0.0,10,0,405500.0,12,0,259600.0,2,0,1570500.0,9,0,2300000.0,0,0,"5,32E+16",,,,DE 0% A 5%,,405500.0,0.0,0.0,0.0,0.0,0.0,0.0,0.0,0.0,0.0,259600.0,0.0,0.0,0.0,0.0,0.0,,,
SP,São Bento do Sapucaí,Tirar da analise,14/02/2023,SP-F-3548609-13214-20230208,13214 - Tempestade Local/Convectiva - Chuvas Intensas,Reconhecido,10462,0,0,0,0,3,0,6154,2,0,5000.0,0,0,0.0,0,0,0.0,0,0,0.0,0,0,0.0,2,3,4380000.0,,,,,,,,,,,,,,,,,,,,,,,,
SP,São Bento do Sapucaí,Tirar da analise,23/02/2024,SP-F-3548609-13214-20240222,13214 - Tempestade Local/Convectiva - Chuvas Intensas,Reconhecido,10462,0,0,0,0,15,0,6159,1,0,45000.0,1,0,52500.0,0,0,0.0,0,0,0.0,0,0,0.0,8,0,2371036.96,,,,,,,,,,,,,,,,,,,,,,,,
SP,São Carlos,Tirar da analise,27/11/2020,SP-F-3548906-13214-20201126,13214 - Tempestade Local/Convectiva - Chuvas Intensas,Reconhecido,221936,0,1,0,0,20,0,22850,32,3,1440000.0,2,0,20000.0,0,0,0.0,0,0,0.0,0,0,0.0,9,0,566300.19,,,,,,20000.0,0.0,0.0,0.0,0.0,0.0,0.0,0.0,0.0,25000.0,0.0,0.0,0.0,0.0,8000000.0,0.0,,,
SP,São Carlos,Tirar da analise,15/01/2020,SP-F-3548906-13214-20200102,13214 - Tempestade Local/Convectiva - Chuvas Intensas,Reconhecido,221936,0,0,0,0,188,0,55000,58,0,300000.0,0,0,0.0,0,0,0.0,0,0,0.0,0,0,0.0,48,0,"1,36E+13",DE 5% A 10%,,,,,0.0,0.0,1160000.0,829356.58,0.0,0.0,0.0,"1,25E+13",0.0,0.0,0.0,0.0,0.0,0.0,2500000.0,0.0,,,
SP,São Carlos,Tirar da analise,30/12/2022,SP-F-3548906-13214-20221228,13214 - Tempestade Local/Convectiva - Chuvas Intensas,Reconhecido,221936,1,0,0,80,0,0,15000,0,0,0.0,0,0,0.0,1,0,1000000.0,2,0,0.0,0,0,0.0,25,0,2749429.19,DE 5% A 10%,,,,,0.0,0.0,1800000.0,1010148.36,0.0,0.0,0.0,0.0,0.0,0.0,0.0,0.0,0.0,0.0,4000000.0,0.0,,,
SP,São João da Boa Vista,Tirar da analise,19/04/2023,SP-F-3549102-13214-20230419,13214 - Tempestade Local/Convectiva - Chuvas Intensas,Registro,83661,0,0,0,0,0,0,0,10,0,0.0,0,0,0.0,0,0,0.0,0,0,0.0,0,0,0.0,0,1,0.0,,,,,,,,,,,,,,,,,,,,,,,,
SP,São João da Boa Vista,Tirar da analise,28/02/2023,SP-F-3549102-13214-20230227,13214 - Tempestade Local/Convectiva - Chuvas Intensas,Reconhecido,83661,0,0,0,0,28,0,1596,0,0,0.0,0,0,0.0,0,0,0.0,0,0,0.0,0,0,0.0,2,0,3462573.17,,,,,,,,,,,,,,,,,,,,,,,,
SP,São João da Boa Vista,Tirar da analise,27/02/2023,SP-F-3549102-13214-20230225,13214 - Tempestade Local/Convectiva - Chuvas Intensas,Registro,83661,0,0,0,0,0,0,0,20,0,0.0,0,0,0.0,0,0,0.0,0,0,0.0,0,0,0.0,0,0,0.0,,,,,,,,,,,,,,,,,,,,,,,,
SP,São José do Rio Pardo,Tirar da analise,20/01/2023,SP-F-3549706-13214-20230118,13214 - Tempestade Local/Convectiva - Chuvas Intensas,Reconhecido,51910,0,0,0,5,0,0,15000,4,0,155000.0,3,0,170000.0,7,0,120000.0,14,0,254403.3,2,0,515000.0,8,8,2909000.0,,,,,,,,,,,,,,,,,,,,,,,,
SP,São Luís do Paraitinga,Tirar da analise,17/02/2023,SP-F-3550001-13214-20230212,13214 - Tempestade Local/Convectiva - Chuvas Intensas,Reconhecido,10404,0,0,0,0,354,0,390,3,0,106000.0,0,0,0.0,0,0,0.0,1,0,40000.0,0,0,0.0,5,4,1000000.0,,,,,,,,,,,,,,,,,,,,,,,,
SP,São Miguel Arcanjo,Tirar da analise,16/03/2022,SP-F-3550209-12300-20220303,12300 - Alagamentos,Registro,31452,0,0,0,0,0,0,0,18,0,0.0,0,0,0.0,0,0,0.0,0,0,0.0,0,0,0.0,0,0,0.0,,,,,,0.0,0.0,0.0,0.0,0.0,0.0,0.0,0.0,0.0,0.0,0.0,0.0,0.0,0.0,0.0,0.0,,,
SP,São Paulo,Tirar da analise,20/02/2020,SP-F-3550308-13214-20200210,13214 - Tempestade Local/Convectiva - Chuvas Intensas,Reconhecido,11244369,0,0,0,0,0,0,16000,5000,0,2.5E7,0,0,0.0,0,0,0.0,0,0,0.0,0,0,0.0,0,0,0.0,,,,,,0.0,0.0,0.0,0.0,0.0,0.0,0.0,0.0,0.0,0.0,0.0,0.0,0.0,0.0,0.0,0.0,,,
SP,São Sebastião,Tirar da analise,19/08/2023,SP-F-3550704-13214-20230819,13214 - Tempestade Local/Convectiva - Chuvas Intensas,Não reconhecido,73833,0,0,0,1357,3948,1,6513,186,0,"2,42E+10",0,0,0.0,1,0,3.0E7,0,0,0.0,0,0,0.0,5,0,"1,43E+11",,,,,,,,,,,,,,,,,,,,,,,,
SP,São Sebastião,Tirar da analise,19/02/2023,SP-F-3550704-13214-20230218,13214 - Tempestade Local/Convectiva - Chuvas Intensas,Reconhecido,73833,0,0,0,0,0,0,73833,0,0,0.0,0,0,0.0,0,0,0.0,0,0,0.0,0,0,0.0,5,0,600000.0,,,,,,,,,,,,,,,,,,,,,,,,
SP,São Vicente,Tirar da analise,03/03/2020,SP-F-3551009-13214-20200303,13214 - Tempestade Local/Convectiva - Chuvas Intensas,Reconhecido,332424,3,0,0,5,425,0,168311,105,0,5.12E7,3,0,480847.53,9,0,1800000.0,0,0,0.0,1,0,250000.0,11,0,"1,02E+15",MAIS DE 20%,,DE 10% A 20%,MAIS DE 20%,,120000.0,105000.0,500000.0,25000.0,3000.0,15000.0,0.0,205000.0,80000.0,0.0,10000.0,0.0,0.0,0.0,0.0,521350.0,,,
SP,Sete Barras,Tirar da analise,03/02/2021,SP-F-3551801-13214-20210201,13214 - Tempestade Local/Convectiva - Chuvas Intensas,Reconhecido,13006,0,0,0,6,510,0,3800,102,0,1020000.0,0,0,0.0,0,0,0.0,0,0,0.0,0,0,0.0,2,0,450000.0,,,,,,0.0,0.0,30000.0,20000.0,0.0,0.0,0.0,50000.0,0.0,0.0,0.0,0.0,0.0,0.0,0.0,0.0,,,
SP,Severínia,Tirar da analise,13/02/2025,SP-F-3551900-12200-20250127,12200 - Enxurradas,Não reconhecido,15504,0,0,0,0,0,0,200,50,0,0.0,2,0,0.0,5,0,0.0,0,0,0.0,5,0,0.0,100,0,350000.0,,,,,,,,,,,,,,,,,,,,,,,,
SP,Socorro,Tirar da analise,05/01/2023,SP-F-3552106-13214-20230102,13214 - Tempestade Local/Convectiva - Chuvas Intensas,Reconhecido,36695,0,3,3,0,300,0,7000,180,0,1000000.0,7,0,200000.0,3,0,600000.0,7,0,480000.0,1,0,30000.0,54,4,2.0E7,,,,,,,,,,,,,,,,,,,,,,,,
SP,Socorro,Tirar da analise,23/01/2024,SP-F-3552106-13214-20240121,13214 - Tempestade Local/Convectiva - Chuvas Intensas,Reconhecido,36695,0,0,0,50,100,0,17450,4,0,300000.0,0,0,0.0,0,0,0.0,0,0,0.0,0,0,0.0,20,0,6000000.0,,,,,,,,,,,,,,,,,,,,,,,,
SP,Sorocaba,Tirar da analise,02/01/2022,SP-F-3552205-12100-20211231,12100 - Inundações,Registro,586311,0,0,0,0,0,0,36,0,0,0.0,0,0,0.0,0,0,0.0,0,0,0.0,0,0,0.0,0,0,0.0,,,,,,0.0,0.0,0.0,0.0,0.0,0.0,0.0,0.0,0.0,0.0,0.0,0.0,0.0,0.0,0.0,0.0,,,
SP,Sorocaba,Tirar da analise,20/02/2023,SP-F-3552205-13214-20230213,13214 - Tempestade Local/Convectiva - Chuvas Intensas,Registro,586311,0,0,0,162,320,0,2274,0,0,0.0,0,0,0.0,0,0,0.0,0,0,0.0,0,1,189833.98,16,1,7708854.39,,,,,,,,,,,,,,,,,,,,,,,,
SP,Sorocaba,Tirar da analise,13/02/2023,SP-F-3552205-13214-20230212,13214 - Tempestade Local/Convectiva - Chuvas Intensas,Reconhecido,586311,0,0,0,1,47,0,2655,0,0,0.0,0,0,0.0,0,0,0.0,0,0,0.0,0,1,189833.98,16,1,7708854.39,,,,,,,,,,,,,,,,,,,,,,,,
SP,Sorocaba,Tirar da analise,23/01/2024,SP-F-3552205-13214-20240120,13214 - Tempestade Local/Convectiva - Chuvas Intensas,Reconhecido,586311,1,0,0,210,1611,0,6901,0,0,0.0,0,0,0.0,0,0,0.0,0,0,0.0,7,0,730471.3,24,0,1.95E7,,,,,,,,,,,,,,,,,,,,,,,,
SP,Sorocaba,Tirar da analise,29/01/2025,SP-F-3552205-13214-20250128,13214 - Tempestade Local/Convectiva - Chuvas Intensas,Registro,586311,0,0,0,0,13,0,0,0,0,0.0,0,0,0.0,0,0,0.0,0,0,0.0,0,0,0.0,0,0,0.0,,,,,,,,,,,,,,,,,,,,,,,,
SP,Tabapuã,Tirar da analise,24/01/2023,SP-F-3552601-13214-20230119,13214 - Tempestade Local/Convectiva - Chuvas Intensas,Registro,11366,0,0,0,0,0,0,0,0,0,0.0,0,0,0.0,0,0,0.0,0,0,0.0,0,0,0.0,2,1,1500000.0,,,,,,,,,,,,,,,,,,,,,,,,
SP,Taboão da Serra,Tirar da analise,30/12/2020,SP-F-3552809-13214-20201229,13214 - Tempestade Local/Convectiva - Chuvas Intensas,Registro,244719,0,0,0,8,50,0,0,400,0,0.0,0,0,0.0,0,0,0.0,0,0,0.0,0,0,0.0,0,0,0.0,,,,,,0.0,0.0,0.0,0.0,0.0,0.0,0.0,0.0,0.0,0.0,0.0,0.0,0.0,0.0,0.0,0.0,,,
SP,Taboão da Serra,Tirar da analise,10/02/2020,SP-F-3552809-13214-20200210,13214 - Tempestade Local/Convectiva - Chuvas Intensas,Reconhecido,244719,0,0,0,0,499,0,600,193,0,9650000.0,0,0,0.0,0,0,0.0,1,0,200000.0,0,0,0.0,12,0,5000000.0,,,,,,500000.0,200000.0,300000.0,2000000.0,500000.0,0.0,0.0,0.0,0.0,200000.0,0.0,0.0,0.0,0.0,2000000.0,1000000.0,,,
SP,Taboão da Serra,Tirar da analise,03/02/2025,SP-F-3552809-13214-20250202,13214 - Tempestade Local/Convectiva - Chuvas Intensas,Reconhecido,244719,0,0,0,40,560,0,1000,200,0,1.0E7,0,0,0.0,0,0,0.0,2,0,1500000.0,1,0,500000.0,15,0,1.5E7,,,,,,,,,,,,,,,,,,,,,,,,
SP,Tanabi,Tirar da analise,13/01/2023,SP-F-3553401-13214-20230107,13214 - Tempestade Local/Convectiva - Chuvas Intensas,Registro,24055,0,0,0,0,0,0,70,0,0,0.0,0,0,0.0,0,0,0.0,0,0,0.0,0,0,0.0,0,1,150000.0,,,,,,,,,,,,,,,,,,,,,,,,
SP,Tanabi,Tirar da analise,17/12/2024,SP-F-3553401-12200-20241215,12200 - Enxurradas,Registro,24055,0,0,0,0,0,0,0,2,0,1000.0,0,0,0.0,1,0,12000.0,0,0,0.0,0,0,0.0,0,0,0.0,,,,,,,,,,,,,,,,,,,,,,,,
SP,Taquaritinga,Tirar da analise,16/01/2020,SP-F-3553708-13214-20200109,13214 - Tempestade Local/Convectiva - Chuvas Intensas,Reconhecido,53985,0,0,0,0,0,0,5000,0,0,0.0,0,0,0.0,0,0,0.0,0,0,0.0,0,0,0.0,0,3,2646784.09,,,,DE 0% A 5%,,0.0,40000.0,25000.0,5000.0,0.0,0.0,0.0,2645666.99,0.0,5000.0,0.0,31946.77,31946.77,0.0,0.0,0.0,,,
SP,Tatuí,Tirar da analise,01/02/2023,SP-F-3554003-12100-20230128,12100 - Inundações,Reconhecido,107975,0,0,0,0,105,0,54000,0,0,0.0,0,0,0.0,0,0,0.0,1,0,500000.0,0,0,0.0,6,0,9810000.0,,,,,,,,,,,,,,,,,,,,,,,,
SP,Tatuí,Tirar da analise,16/01/2023,SP-F-3554003-13214-20230111,13214 - Tempestade Local/Convectiva - Chuvas Intensas,Reconhecido,107975,0,0,0,0,0,0,25000,0,0,0.0,0,0,0.0,0,0,0.0,0,0,0.0,0,0,0.0,1,0,1542493.61,,,,,,,,,,,,,,,,,,,,,,,,
SP,Taubaté,Tirar da analise,17/02/2023,SP-F-3554102-13214-20230208,13214 - Tempestade Local/Convectiva - Chuvas Intensas,Reconhecido,278724,0,0,0,0,57,0,3027,0,0,0.0,0,0,0.0,0,0,0.0,0,0,0.0,0,0,0.0,10,1,"2,12E+16",,,,,,,,,,,,,,,,,,,,,,,,
SP,Terra Roxa,Tirar da analise,10/02/2025,SP-F-3554409-12300-20250201,12300 - Alagamentos,Registro,8505,0,0,0,19,0,0,0,9,0,20000.0,0,0,0.0,0,0,0.0,0,0,0.0,0,0,0.0,1,0,400000.0,,,,,,,,,,,,,,,,,,,,,,,,
SP,Tietê,Tirar da analise,20/02/2020,SP-F-3554508-13214-20200210,13214 - Tempestade Local/Convectiva - Chuvas Intensas,Reconhecido,36827,0,0,0,20,60,0,0,0,0,0.0,0,0,0.0,0,0,0.0,1,0,100000.0,3,0,600000.0,3,0,100000.0,,,,,,0.0,0.0,0.0,100000.0,0.0,0.0,0.0,600000.0,0.0,0.0,100000.0,0.0,0.0,0.0,0.0,0.0,,,
SP,Torrinha,Tirar da analise,04/02/2022,SP-F-3554706-13214-20220130,13214 - Tempestade Local/Convectiva - Chuvas Intensas,Reconhecido,9330,0,0,0,2,5,0,20,3,1,500000.0,0,0,0.0,0,0,0.0,0,0,0.0,0,0,0.0,4,2,700000.0,,,,,,0.0,0.0,0.0,0.0,0.0,0.0,0.0,750000.0,0.0,0.0,150000.0,30000.0,2000.0,5000.0,5000.0,1000.0,,,
SP,Tuiuti,Tirar da analise,08/02/2023,SP-F-3554953-12100-20221201,12100 - Inundações,Registro,5935,0,0,0,0,0,0,5,0,0,0.0,0,0,0.0,0,0,0.0,0,0,0.0,0,0,0.0,2,0,4000.0,DE 0% A 5%,,,,,0.0,0.0,0.0,0.0,0.0,0.0,0.0,0.0,0.0,0.0,0.0,2000.0,0.0,0.0,0.0,0.0,,,
SP,Tuiuti,Tirar da analise,02/03/2023,SP-F-3554953-12100-20230228,12100 - Inundações,Reconhecido,5935,0,0,0,0,250,0,30,30,20,700000.0,0,0,0.0,0,0,0.0,0,0,0.0,0,0,0.0,6,4,1380000.0,,,,,,,,,,,,,,,,,,,,,,,,
SP,Ubatuba,Tirar da analise,04/04/2022,SP-F-3555406-13214-20220403,13214 - Tempestade Local/Convectiva - Chuvas Intensas,Reconhecido,78870,0,0,0,65,0,0,34935,22,4,186000.0,3,0,0.0,0,0,0.0,0,0,0.0,0,0,0.0,51,0,"1,63E+10",DE 0% A 5%,,,,,0.0,0.0,0.0,0.0,0.0,0.0,0.0,9000000.0,0.0,0.0,0.0,0.0,0.0,0.0,2000000.0,0.0,,,
SP,Ubatuba,Tirar da analise,19/02/2023,SP-F-3555406-13214-20230218,13214 - Tempestade Local/Convectiva - Chuvas Intensas,Reconhecido,78870,1,0,0,0,0,0,78870,82,3,2030000.0,0,0,0.0,0,0,0.0,0,0,0.0,0,0,0.0,10,0,1800000.0,,,,,,,,,,,,,,,,,,,,,,,,
SP,Ubatuba,Tirar da analise,08/03/2024,SP-F-3555406-13214-20240308,13214 - Tempestade Local/Convectiva - Chuvas Intensas,Reconhecido,78870,0,0,0,24,0,0,1600,0,0,0.0,0,0,0.0,0,0,0.0,0,0,0.0,0,0,0.0,3,1,1.0E7,,,,,,,,,,,,,,,,,,,,,,,,
SP,Valentim Gentil,Tirar da analise,06/02/2025,SP-F-3556107-13214-20250203,13214 - Tempestade Local/Convectiva - Chuvas Intensas,Registro,11031,0,0,0,0,0,0,0,0,0,0.0,0,0,0.0,0,0,0.0,0,0,0.0,0,0,0.0,0,0,0.0,,,,,,,,,,,,,,,,,,,,,,,,
SP,Valinhos,Tirar da analise,31/01/2022,SP-F-3556206-12100-20220130,12100 - Inundações,Registro,106968,0,0,0,0,8,0,0,1,0,0.0,0,0,0.0,0,0,0.0,0,0,0.0,0,0,0.0,0,0,0.0,,,,,,0.0,0.0,0.0,0.0,0.0,0.0,0.0,0.0,0.0,0.0,0.0,0.0,0.0,0.0,0.0,0.0,,,
SP,Valinhos,Tirar da analise,11/10/2023,SP-F-3556206-12300-20231008,12300 - Alagamentos,Registro,106968,0,0,0,0,0,0,0,0,0,0.0,0,0,0.0,0,0,0.0,0,0,0.0,0,0,0.0,0,0,0.0,,,,,,,,,,,,,,,,,,,,,,,,
SP,Valinhos,Tirar da analise,06/03/2023,SP-F-3556206-13214-20230228,13214 - Tempestade Local/Convectiva - Chuvas Intensas,Registro,106968,0,0,0,0,27,0,0,28,0,0.0,0,0,0.0,0,0,0.0,0,0,0.0,0,0,0.0,0,0,0.0,,,,,,,,,,,,,,,,,,,,,,,,
SP,Valinhos,Tirar da analise,16/02/2023,SP-F-3556206-13214-20230215,13214 - Tempestade Local/Convectiva - Chuvas Intensas,Registro,106968,0,0,0,0,0,0,0,0,0,0.0,0,0,0.0,0,0,0.0,0,0,0.0,0,0,0.0,0,0,0.0,,,,,,,,,,,,,,,,,,,,,,,,
SP,Valinhos,Tirar da analise,20/01/2023,SP-F-3556206-13214-20230119,13214 - Tempestade Local/Convectiva - Chuvas Intensas,Registro,106968,0,0,0,0,0,0,0,0,0,0.0,0,0,0.0,0,0,0.0,0,0,0.0,0,0,0.0,0,0,0.0,,,,,,,,,,,,,,,,,,,,,,,,
SP,Valinhos,Tirar da analise,20/01/2023,SP-F-3556206-13214-20230118,13214 - Tempestade Local/Convectiva - Chuvas Intensas,Registro,106968,0,0,0,0,0,0,0,0,0,0.0,0,0,0.0,0,0,0.0,0,0,0.0,0,0,0.0,0,0,0.0,,,,,,,,,,,,,,,,,,,,,,,,
SP,Valinhos,Tirar da analise,20/01/2023,SP-F-3556206-13214-20230117,13214 - Tempestade Local/Convectiva - Chuvas Intensas,Registro,106968,0,0,0,0,0,0,0,0,0,0.0,0,0,0.0,0,0,0.0,0,0,0.0,0,0,0.0,0,0,0.0,,,,,,,,,,,,,,,,,,,,,,,,
SP,Valinhos,Tirar da analise,18/01/2023,SP-F-3556206-13214-20230105,13214 - Tempestade Local/Convectiva - Chuvas Intensas,Registro,106968,0,0,0,0,0,0,0,0,0,0.0,0,0,0.0,0,0,0.0,0,0,0.0,0,0,0.0,0,0,0.0,,,,,,,,,,,,,,,,,,,,,,,,
SP,Várzea Paulista,Tirar da analise,11/03/2021,SP-F-3556503-12100-20210307,12100 - Inundações,Registro,107146,0,0,0,0,15,0,0,0,0,0.0,0,0,0.0,0,0,0.0,0,0,0.0,0,0,0.0,0,0,0.0,,,,,,0.0,0.0,0.0,0.0,0.0,0.0,0.0,0.0,0.0,0.0,0.0,0.0,0.0,0.0,0.0,0.0,,,
SP,Várzea Paulista,Tirar da analise,01/02/2022,SP-F-3556503-13214-20220130,13214 - Tempestade Local/Convectiva - Chuvas Intensas,Reconhecido,107146,5,1,0,0,80,0,0,26,2,2380000.0,0,0,0.0,0,0,0.0,0,0,0.0,0,0,0.0,15,0,1.9E7,,,,,,0.0,0.0,5000000.0,2000000.0,0.0,0.0,0.0,0.0,0.0,0.0,0.0,0.0,0.0,3200000.0,0.0,0.0,,,
SP,Várzea Paulista,Tirar da analise,27/12/2024,SP-F-3556503-13214-20241221,13214 - Tempestade Local/Convectiva - Chuvas Intensas,Reconhecido,107146,4,7,0,31,172,0,0,7,2,2500000.0,0,0,0.0,0,0,0.0,0,0,0.0,0,0,0.0,0,0,0.0,,,,,,,,,,,,,,,,,,,,,,,,
SP,Vinhedo,Tirar da analise,17/01/2023,SP-F-3556701-13214-20221230,13214 - Tempestade Local/Convectiva - Chuvas Intensas,Registro,63685,0,0,0,0,0,0,4299,2,0,0.0,0,0,0.0,2,0,0.0,0,0,0.0,1,0,0.0,4,0,0.0,DE 0% A 5%,,,,,0.0,0.0,0.0,0.0,0.0,0.0,0.0,0.0,0.0,0.0,0.0,0.0,0.0,0.0,0.0,0.0,,,
SP,Vinhedo,Tirar da analise,02/02/2022,SP-F-3556701-13214-20220129,13214 - Tempestade Local/Convectiva - Chuvas Intensas,Registro,63685,0,0,0,0,4,0,240,16,0,0.0,0,0,0.0,1,0,0.0,0,0,0.0,0,0,0.0,3,0,0.0,,,,,,0.0,0.0,0.0,0.0,0.0,0.0,0.0,0.0,0.0,0.0,0.0,0.0,0.0,0.0,0.0,0.0,,,
SP,Francisco Morato,Foco,30/01/2022,SP-F-3516309-13214-20220130,13214 - Tempestade Local/Convectiva - Chuvas Intensas,Reconhecido,154538,4,2,0,98,1792,0,0,448,27,"1,61E+10",0,0,0.0,2,0,0.0,0,0,0.0,0,0,0.0,5,13,"1,23E+16",,,,,,0.0,0.0,0.0,318717.0,0.0,0.0,0.0,0.0,28000.0,0.0,0.0,0.0,0.0,0.0,0.0,0.0,,,
SP,Francisco Morato,Foco,26/12/2024,SP-F-3516309-12100-20241225,12100 - Inundações,Registro,154538,0,0,0,0,0,0,0,0,0,0.0,0,0,0.0,0,0,0.0,0,0,0.0,0,0,0.0,0,0,0.0,,,,,,,,,,,,,,,,,,,,,,,,
SP,Francisco Morato,Foco,06/11/2024,SP-F-3516309-12300-20241106,12300 - Alagamentos,Registro,154538,0,0,0,0,8,0,0,0,0,0.0,0,0,0.0,0,0,0.0,0,0,0.0,0,0,0.0,0,0,0.0,,,,,,,,,,,,,,,,,,,,,,,,